2455260.61208 16.088 0.008
2455261.52711 16.229 0.008
2455262.62377 16.110 0.008
2455263.60456 16.165 0.008
2455265.52131 16.115 0.008
2455266.58619 16.272 0.010
2455267.59850 16.102 0.008
2455268.58219 16.192 0.009
2455269.55139 16.125 0.008
2455270.56855 16.117 0.008
2455271.56038 16.230 0.008
2455273.54931 16.299 0.008
2455274.58031 16.131 0.008
2455275.56377 16.123 0.008
2455276.55943 16.193 0.008
2455279.54784 16.103 0.009
2455280.54614 16.139 0.008
2455281.52305 16.141 0.008
2455282.54200 16.084 0.008
2455283.49365 16.302 0.011
2455286.52310 16.174 0.008
2455288.53977 16.339 0.009
2455291.53128 16.136 0.008
2455294.56308 16.117 0.008
2455295.48426 16.262 0.009
2455296.57425 16.146 0.008
2455298.55491 16.351 0.009
2455301.51503 16.095 0.008
2455306.51249 16.104 0.008
2455307.54054 16.137 0.008
2455310.54063 16.257 0.010
2455313.48974 16.179 0.009
2455314.50442 16.087 0.009
2455321.46662 16.097 0.009
2455323.48600 16.145 0.008
2455324.48514 16.117 0.009
2455326.49306 16.097 0.008
2455328.48606 16.124 0.008
2455337.48054 16.358 0.010
2455341.48053 16.111 0.008
2455430.90168 16.228 0.008
2455439.91101 16.054 0.008
2455445.84384 16.184 0.008
2455449.82877 16.118 0.008
2455453.88383 16.114 0.007
2455455.85740 16.161 0.007
2455457.90050 16.223 0.007
2455462.89661 16.267 0.008
2455465.85929 16.129 0.009
2455468.82605 16.032 0.008
2455470.79851 16.087 0.007
2455471.84886 16.067 0.008
2455473.77695 16.067 0.008
2455477.75274 16.135 0.007
2455478.79317 16.046 0.007
2455481.73239 16.221 0.008
2455482.78315 16.146 0.008
2455484.77724 16.252 0.008
2455485.78662 16.071 0.007
2455486.87200 16.116 0.009
2455487.86868 16.267 0.008
2455488.87760 16.076 0.007
2455490.72862 16.072 0.008
2455491.74911 16.222 0.008
2455492.77166 16.108 0.008
2455493.79399 16.069 0.008
2455494.83870 16.225 0.008
2455495.79588 16.059 0.007
2455496.79368 16.187 0.009
2455497.82386 16.149 0.008
2455499.73086 16.148 0.008
2455502.80103 16.106 0.007
2455503.75627 16.097 0.007
2455505.72593 16.079 0.008
2455506.74342 16.328 0.007
2455507.76156 16.074 0.007
2455509.66992 16.074 0.007
2455510.72585 16.075 0.007
2455511.70205 16.264 0.008
2455512.74509 16.079 0.007
2455513.71541 16.170 0.008
2455514.74796 16.129 0.007
2455515.66521 16.118 0.008
2455516.75077 16.304 0.008
2455517.66390 16.043 0.008
2455518.76029 16.143 0.010
2455519.68670 16.089 0.009
2455521.70358 16.224 0.008
2455522.72870 16.072 0.008
2455523.69339 16.229 0.008
2455524.70184 16.079 0.007
2455525.73492 16.098 0.007
2455526.68694 16.166 0.007
2455527.76769 16.065 0.007
2455528.70872 16.211 0.008
2455529.68905 16.054 0.008
2455530.69627 16.131 0.008
2455531.77945 16.296 0.007
2455532.68758 16.067 0.007
2455533.71092 16.232 0.008
2455534.74245 16.071 0.007
2455535.71927 16.122 0.007
2455536.72193 16.180 0.008
2455539.73217 16.085 0.007
2455540.81633 16.110 0.008
2455541.68249 16.130 0.008
2455542.74089 16.072 0.007
2455543.77244 16.219 0.008
2455544.75993 16.107 0.007
2455545.74919 16.152 0.008
2455546.69886 16.116 0.008
2455547.75866 16.081 0.008
2455548.71991 16.261 0.008
2455549.68477 16.069 0.008
2455550.73863 16.158 0.008
2455551.69615 16.119 0.008
2455553.74219 16.269 0.008
2455554.67552 16.078 0.009
2455556.69012 16.105 0.008
2455557.67129 16.115 0.007
2455558.67217 16.147 0.009
2455559.66238 16.075 0.008
2455560.65405 16.327 0.008
2455561.68764 16.083 0.008
2455562.70721 16.107 0.007
2455563.64116 16.122 0.008
2455565.67248 16.385 0.008
2455566.69973 16.106 0.007
2455568.72006 16.167 0.008
2455569.71460 16.072 0.008
2455570.75414 16.246 0.009
2455571.68515 16.085 0.008
2455572.80236 16.095 0.008
2455575.70666 16.346 0.008
2455576.68086 16.088 0.007
2455577.68280 16.157 0.008
2455578.68942 16.115 0.008
2455579.73955 16.074 0.008
2455580.68437 16.306 0.008
2455581.68620 16.062 0.007
2455582.69350 16.168 0.008
2455583.70026 16.117 0.007
2455584.68628 16.099 0.008
2455585.68616 16.296 0.008
2455586.64993 16.058 0.008
2455587.63206 16.273 0.008
2455588.73601 16.098 0.007
2455589.64207 16.151 0.007
2455591.67939 16.061 0.007
2455592.66164 16.257 0.008
2455593.64462 16.092 0.008
2455594.66082 16.170 0.008
2455595.63948 16.184 0.008
2455596.70262 16.089 0.007
2455597.62009 16.249 0.008
2455598.68640 16.096 0.007
2455599.65001 16.161 0.008
2455600.68275 16.195 0.008
2455601.66239 16.070 0.007
2455602.66109 16.268 0.008
2455604.67026 16.166 0.008
2455605.67209 16.157 0.007
2455606.68346 16.103 0.007
2455607.69487 16.264 0.008
2455609.71347 16.169 0.008
2455611.64403 16.125 0.008
2455612.69654 16.304 0.009
2455613.65974 16.083 0.008
2455614.65167 16.254 0.008
2455615.64546 16.131 0.008
2455616.65422 16.107 0.008
2455622.63936 16.183 0.008
2455623.60224 16.086 0.008
2455624.54332 16.281 0.009
2455625.63499 16.107 0.008
2455626.59609 16.147 0.008
2455627.56082 16.119 0.008
2455629.60103 16.338 0.008
2455630.61247 16.102 0.008
2455632.56058 16.105 0.008
2455633.60958 16.120 0.008
2455634.57000 16.264 0.008
2455635.57433 16.067 0.008
2455638.57893 16.125 0.009
2455639.58918 16.267 0.009
2455640.52815 16.075 0.008
2455641.55582 16.253 0.008
2455642.50407 16.075 0.007
2455643.50183 16.186 0.008
2455644.50457 16.139 0.008
2455645.50332 16.064 0.008
2455646.51630 16.262 0.008
2455647.51826 16.072 0.008
2455648.51896 16.216 0.008
2455649.53370 16.176 0.008
2455650.51412 16.091 0.007
2455651.52004 16.257 0.007
2455652.51499 16.075 0.008
2455653.54507 16.175 0.008
2455654.55360 16.149 0.008
2455655.54476 16.119 0.008
2455656.55366 16.281 0.008
2455657.51361 16.098 0.008
2455659.51292 16.130 0.008
2455660.55829 16.089 0.008
2455664.49248 16.115 0.008
2455665.50772 16.142 0.009
2455666.50453 16.183 0.009
2455667.48671 16.089 0.008
2455668.49223 16.336 0.009
2455669.48627 16.097 0.008
2455670.53773 16.075 0.008
2455672.48304 16.102 0.008
2455674.49107 16.096 0.007
2455675.48394 16.188 0.008
2455676.53920 16.176 0.005
2455677.48066 16.099 0.007
2455678.51485 16.331 0.008
2455679.48249 16.112 0.008
2455680.53055 16.165 0.008
2455681.49457 16.122 0.008
2455682.49469 16.137 0.008
2455683.49925 16.304 0.008
2455684.50408 16.058 0.008
2455685.47581 16.228 0.008
2455686.47670 16.096 0.007
2455687.47885 16.133 0.008
2455691.47038 16.112 0.008
2455692.51999 16.134 0.009
2455694.48701 16.096 0.008
2455695.47144 16.273 0.008
2455696.47981 16.103 0.008
2455697.46974 16.166 0.008
2455699.47928 16.097 0.009
2455700.47086 16.278 0.010
2455702.46774 16.191 0.008
2455706.46744 16.083 0.008
2455784.92782 16.111 0.008
2455795.93380 16.089 0.008
2455803.87913 16.313 0.008
2455805.84359 16.225 0.008
2455806.89458 16.118 0.007
2455809.85582 16.050 0.006
2455810.85893 16.208 0.008
2455812.85176 16.120 0.007
2455814.90081 16.066 0.008
2455815.88020 16.220 0.008
2455816.85434 16.074 0.008
2455817.85603 16.127 0.007
2455818.88402 16.213 0.008
2455819.83801 16.061 0.007
2455820.90545 16.183 0.008
2455822.82566 16.154 0.008
2455823.90054 16.232 0.008
2455824.82250 16.068 0.007
2455825.81075 16.225 0.007
2455826.85926 16.064 0.007
2455827.85322 16.146 0.007
2455828.87942 16.160 0.007
2455829.85281 16.080 0.006
2455830.84439 16.243 0.007
2455831.83607 16.050 0.006
2455832.82548 16.218 0.007
2455833.80984 16.102 0.007
2455834.81078 16.098 0.007
2455835.87068 16.255 0.008
2455836.77722 16.070 0.007
2455837.85653 16.196 0.008
2455839.83820 16.107 0.007
2455840.82117 16.175 0.007
2455841.81873 16.057 0.008
2455842.83634 16.286 0.009
2455843.85181 16.114 0.007
2455845.86683 16.213 0.010
2455846.82727 16.056 0.009
2455850.79117 16.111 0.007
2455851.80020 16.080 0.008
2455853.85371 16.078 0.009
2455854.75900 16.210 0.007
2455855.82871 16.131 0.007
2455856.80026 16.111 0.008
2455858.83450 16.104 0.008
2455859.80301 16.161 0.007
2455860.78809 16.097 0.008
2455861.79709 16.094 0.008
2455863.79902 16.080 0.007
2455864.70756 16.250 0.007
2455865.77715 16.091 0.007
2455866.80127 16.095 0.007
2455867.74019 16.150 0.008
2455868.84166 16.079 0.006
2455869.80716 16.202 0.007
2455870.74697 16.075 0.007
2455871.73306 16.166 0.007
2455872.74243 16.146 0.007
2455873.73765 16.064 0.007
2455874.77120 16.256 0.008
2455875.70714 16.053 0.007
2455878.76378 16.066 0.008
2455879.69219 16.191 0.008
2455880.74365 16.061 0.007
2455881.73021 16.245 0.008
2455882.76100 16.140 0.008
2455883.76494 16.085 0.008
2455885.69624 16.073 0.008
2455886.73232 16.247 0.009
2455887.80469 16.162 0.007
2455888.79336 16.067 0.007
2455889.83553 16.309 0.008
2455890.76905 16.058 0.007
2455891.72775 16.292 0.008
2455892.74550 16.096 0.007
2455893.76360 16.086 0.007
2455894.78707 16.235 0.008
2455895.80416 16.071 0.008
2455896.78722 16.229 0.008
2455897.73403 16.087 0.007
2455898.71620 16.130 0.007
2455899.77539 16.215 0.008
2455901.77432 16.273 0.008
2455902.72557 16.081 0.008
2455903.78076 16.128 0.008
2455904.75538 16.160 0.007
2455905.72941 16.090 0.007
2455906.74130 16.337 0.008
2455907.71937 16.073 0.007
2455908.74468 16.133 0.008
2455909.78921 16.179 0.008
2455910.70200 16.098 0.007
2455911.73382 16.290 0.008
2455912.75429 16.073 0.007
2455913.72628 16.176 0.007
2455914.74888 16.135 0.007
2455915.70593 16.123 0.007
2455916.75977 16.312 0.007
2455917.72343 16.071 0.007
2455922.74047 16.087 0.007
2455923.71671 16.233 0.007
2455924.69801 16.075 0.007
2455925.71205 16.132 0.007
2455926.72384 16.222 0.008
2455927.72285 16.082 0.007
2455929.69701 16.071 0.007
2455930.84218 16.061 0.006
2455931.66351 16.138 0.008
2455932.66076 16.088 0.007
2455933.71121 16.258 0.008
2455934.70726 16.086 0.007
2455937.68210 16.045 0.007
2455938.68290 16.258 0.008
2455939.72665 16.083 0.007
2455940.76259 16.126 0.008
2455941.76254 16.224 0.008
2455942.78734 16.096 0.007
2455943.74476 16.280 0.008
2455944.73765 16.091 0.007
2455945.71791 16.182 0.007
2455946.65777 16.098 0.007
2455946.77413 16.212 0.008
2455947.72473 16.118 0.008
2455948.71354 16.273 0.008
2455949.72972 16.079 0.007
2455950.65071 16.318 0.008
2455951.67608 16.107 0.007
2455952.70068 16.122 0.007
2455953.69863 16.229 0.008
2455954.69616 16.085 0.006
2455955.71878 16.241 0.008
2455956.71884 16.117 0.007
2455958.73603 16.252 0.008
2455959.70801 16.076 0.007
2455960.71005 16.290 0.008
2455961.64177 16.074 0.006
2455962.64269 16.193 0.008
2455963.60940 16.102 0.008
2455964.62137 16.116 0.008
2455965.62031 16.270 0.008
2455967.64246 16.164 0.008
2455968.64256 16.136 0.008
2455969.61858 16.137 0.007
2455970.59607 16.199 0.007
2455971.68895 16.089 0.006
2455972.67533 16.156 0.007
2455973.65839 16.118 0.006
2455974.61345 16.166 0.008
2455976.64758 16.108 0.007
2455977.68115 16.183 0.007
2455978.65758 16.105 0.007
2455979.60775 16.180 0.008
2455980.62342 16.225 0.006
2455981.64690 16.097 0.007
2455982.65280 16.239 0.008
2455983.69544 16.162 0.007
2455984.63446 16.150 0.007
2455985.66680 16.249 0.008
2455986.59657 16.088 0.007
2455987.67204 16.227 0.008
2455988.63852 16.106 0.007
2455989.60245 16.175 0.007
2455990.59597 16.159 0.009
2455991.67099 16.127 0.008
2455992.63123 16.295 0.008
2455993.58812 16.052 0.007
2455994.53128 16.357 0.009
2455994.58679 16.239 0.008
2455994.67618 16.151 0.007
2455995.52628 16.106 0.007
2455995.63451 16.175 0.008
2455995.67544 16.214 0.008
2455996.51004 16.118 0.007
2455996.60457 16.114 0.008
2455996.65397 16.087 0.008
2455997.50765 16.123 0.007
2455997.60677 16.253 0.008
2455997.66206 16.254 0.008
2455998.51776 16.107 0.008
2455998.60511 16.089 0.007
2455998.66551 16.109 0.007
2455999.53425 16.330 0.008
2455999.64584 16.179 0.007
2456000.49456 16.054 0.008
2456000.62121 16.137 0.007
2456000.65795 16.178 0.007
2456001.49929 16.169 0.008
2456001.61270 16.116 0.007
2456002.58492 16.185 0.007
2456003.55102 16.086 0.008
2456004.61143 16.253 0.008
2456005.57910 16.107 0.007
2456006.57843 16.121 0.007
2456007.57677 16.178 0.006
2456008.61122 16.082 0.006
2456009.55236 16.338 0.008
2456010.60443 16.113 0.008
2456010.60790 16.104 0.008
2456011.56669 16.130 0.007
2456012.56578 16.129 0.008
2456013.54752 16.126 0.007
2456014.56646 16.372 0.008
2456015.56183 16.087 0.007
2456016.60247 16.153 0.007
2456017.56566 16.138 0.007
2456018.52105 16.135 0.008
2456019.56907 16.320 0.008
2456020.59158 16.103 0.007
2456021.57932 16.163 0.008
2456022.59081 16.141 0.008
2456023.56487 16.094 0.007
2456024.58770 16.306 0.008
2456025.58772 16.115 0.008
2456026.53401 16.257 0.009
2456028.57075 16.130 0.008
2456031.51612 16.259 0.009
2456032.50865 16.064 0.008
2456033.49621 16.180 0.008
2456034.50180 16.157 0.008
2456035.52719 16.113 0.008
2456036.50401 16.262 0.008
2456037.50371 16.081 0.008
2456039.50209 16.180 0.008
2456040.50440 16.095 0.008
2456047.47903 16.084 0.008
2456048.47777 16.287 0.008
2456049.50108 16.141 0.007
2456050.47667 16.117 0.008
2456052.49234 16.096 0.008
2456053.48938 16.324 0.008
2456055.49798 16.130 0.008
2456056.48496 16.172 0.008
2456057.49091 16.104 0.007
2456058.48851 16.318 0.008
2456059.48217 16.099 0.008
2456060.48492 16.157 0.008
2456061.47604 16.136 0.008
2456062.47009 16.095 0.008
2456123.91929 16.073 0.007
2456137.91725 16.094 0.008
2456158.93027 16.133 0.007
2456164.90457 16.136 0.008
2456165.91709 16.065 0.007
2456171.88289 16.206 0.007
2456174.90873 16.143 0.008
2456179.90889 16.128 0.008
2456180.86145 16.118 0.008
2456181.87565 16.144 0.007
2456182.88018 16.071 0.007
2456183.88189 16.308 0.007
2456184.90844 16.097 0.006
2456185.85816 16.136 0.007
2456186.85964 16.112 0.007
2456191.88524 16.138 0.006
2456193.87251 16.312 0.007
2456194.88948 16.076 0.006
2456196.87494 16.125 0.006
2456199.82391 16.052 0.008
2456202.83138 16.135 0.008
2456204.86650 16.064 0.007
2456207.87935 16.103 0.008
2456210.87804 16.207 0.008
2456212.83083 16.151 0.007
2456214.88201 16.067 0.008
2456215.86981 16.244 0.009
2456216.82866 16.051 0.006
2456219.81365 16.057 0.007
2456221.82694 16.079 0.008
2456222.82785 16.198 0.008
2456223.78496 16.096 0.007
2456224.85054 16.083 0.006
2456225.73253 16.129 0.008
2456226.74491 16.078 0.007
2456229.78745 16.114 0.007
2456230.73133 16.112 0.008
2456231.75614 16.074 0.007
2456232.82211 16.257 0.007
2456233.82864 16.097 0.006
2456234.83251 16.092 0.006
2456235.77990 16.148 0.007
2456236.79747 16.074 0.007
2456237.87349 16.185 0.008
2456238.83123 16.118 0.007
2456239.80526 16.109 0.007
2456240.84852 16.208 0.008
2456241.80217 16.087 0.007
2456242.84510 16.272 0.007
2456243.81347 16.101 0.007
2456244.74692 16.180 0.007
2456245.77074 16.099 0.007
2456248.78747 16.077 0.007
2456251.77809 16.098 0.006
2456254.78800 16.167 0.007
2456257.81637 16.327 0.008
2456262.74012 16.165 0.007
2456265.81213 16.121 0.006
2456270.82811 16.128 0.008
2456274.81975 16.236 0.007
2456278.76682 16.115 0.008
2456282.78965 16.190 0.007
2456286.72292 16.285 0.008
2456289.79225 16.257 0.007
2456294.81416 16.292 0.008
2456299.77069 16.199 0.007
2456306.71084 16.276 0.008
2456312.68525 16.089 0.007
2456317.69640 16.086 0.007
2456323.66962 16.276 0.008
2456329.62885 16.076 0.008
2456333.61969 16.178 0.008
2456340.63186 16.296 0.007
2456342.66092 16.113 0.008
2456343.55706 16.097 0.008
2456343.57565 16.115 0.008
2456344.58701 16.092 0.006
2456347.60194 16.144 0.007
2456348.58749 16.105 0.008
2456349.59420 16.091 0.007
2456350.62836 16.372 0.009
2456356.61938 16.086 0.007
2456363.53683 16.053 0.007
2456370.53397 16.125 0.008
2456371.55947 16.082 0.007
2456372.61022 16.252 0.007
2456378.54255 16.065 0.007
2456387.53480 16.180 0.008
2456396.54063 16.149 0.007
2456404.52576 16.359 0.008
2456416.50181 16.264 0.008
2456520.89374 16.062 0.006
2456531.90489 16.157 0.007
2456547.87032 16.050 0.007
2456561.83840 16.163 0.008
2456571.84517 16.142 0.006
2456577.88575 16.046 0.006
2456583.79190 16.223 0.007
2456608.83220 16.161 0.006
2456612.76840 16.232 0.007
2456616.73025 16.049 0.007
2456622.78422 16.262 0.008
2456628.81187 16.113 0.007
2456638.73764 16.059 0.006
2456645.73519 16.087 0.007
2456649.74213 16.220 0.007
2456654.76225 16.246 0.007
2456658.78106 16.076 0.006
2456662.77068 16.243 0.008
2456667.80307 16.261 0.008
2456672.77562 16.195 0.008
2456680.76989 16.080 0.007
2456685.60079 16.103 0.007
2456687.70046 16.102 0.007
2456688.63346 16.208 0.008
2456689.65724 16.117 0.007
2456690.65253 16.093 0.006
2456691.68247 16.324 0.007
2456692.70444 16.111 0.006
2456693.65248 16.201 0.007
2456694.69634 16.130 0.006
2456695.64145 16.140 0.007
2456696.62902 16.204 0.007
2456697.68709 16.086 0.006
2456698.68745 16.230 0.008
2456699.52747 16.070 0.007
2456700.56083 16.208 0.007
2456700.67533 16.143 0.007
2456701.54847 16.092 0.008
2456701.68826 16.304 0.007
2456702.68685 16.102 0.008
2456704.56548 16.056 0.006
2456704.71327 16.150 0.008
2456705.55867 16.251 0.007
2456705.67645 16.153 0.007
2456706.63584 16.201 0.007
2456707.64855 16.063 0.006
2456708.63842 16.276 0.007
2456709.63278 16.074 0.006
2456710.64215 16.158 0.007
2456711.62911 16.151 0.006
2456712.57972 16.096 0.006
2456722.60449 16.122 0.007
2456736.61575 16.137 0.008
2456871.92515 16.054 0.008
2456887.92303 16.243 0.008
2456896.89380 16.102 0.008
2456907.87656 16.117 0.007
2456926.80565 16.234 0.008
2456932.81429 16.057 0.008
2456938.79973 16.231 0.008
2456942.79721 16.064 0.007
2456950.84802 16.085 0.007
2456956.85084 16.225 0.008
2456961.84545 16.192 0.008
2456967.71687 16.133 0.009
2456973.72236 16.160 0.008
2456980.75931 16.243 0.008
2456987.79028 16.136 0.008
2456992.76244 16.181 0.008
2456997.76821 16.185 0.008
2457002.71203 16.297 0.008
2457007.72335 16.310 0.008
2457013.67673 16.062 0.008
2457016.78242 16.105 0.007
2457020.78661 16.212 0.008
2457024.76022 16.134 0.008
2457028.71341 16.078 0.007
2457032.76778 16.361 0.008
2457037.74314 16.317 0.008
2457042.74073 16.266 0.008
2457046.74192 16.155 0.008
2457051.73248 16.154 0.007
2457056.67289 16.226 0.008
2457062.66461 16.128 0.008
2457063.66028 16.132 0.008
2457064.72370 16.274 0.008
2457065.70877 16.063 0.008
2457066.70444 16.270 0.008
2457067.69813 16.134 0.008
2457068.67397 16.129 0.007
2457070.71922 16.116 0.007
2457071.72546 16.230 0.008
2457072.70615 16.141 0.008
2457074.67195 16.208 0.009
2457075.65176 16.117 0.008
2457076.65689 16.392 0.009
2457077.63574 16.112 0.008
2457078.63559 16.208 0.009
2457080.58822 16.143 0.008
2457083.61499 16.217 0.008
2457086.62312 16.246 0.008
2457091.60396 16.197 0.008
2457103.57196 16.230 0.007
2457110.50848 16.343 0.008
2457111.53144 16.102 0.008
2457112.52945 16.151 0.008
2457113.52461 16.157 0.008
2457114.53337 16.083 0.007
2457115.52767 16.355 0.008
2457115.57885 16.306 0.008
2457117.54457 16.184 0.008
2457118.51766 16.138 0.008
2457119.50458 16.119 0.008
2457126.52790 16.081 0.007
2457131.53246 16.077 0.008
2457134.50272 16.166 0.008
2457137.53264 16.265 0.008
2457143.49729 16.108 0.008
2457277.90426 16.246 0.010
2457287.90439 16.259 0.010
2457292.83697 16.128 0.008
2457294.80069 16.265 0.008
2457297.79889 16.062 0.008
2457304.87832 16.319 0.008
2457312.79572 16.075 0.008
2457319.77738 16.165 0.009
2457322.75003 16.065 0.008
2457327.85274 16.076 0.008
2457339.76112 16.091 0.007
2457345.71967 16.165 0.008
2457354.79650 16.100 0.008
2457361.81935 16.142 0.008
2457366.69191 16.064 0.007
2457373.84524 16.365 0.008
2457377.81717 16.109 0.007
2457382.71540 16.203 0.008
2457385.72885 16.265 0.008
2457390.75067 16.267 0.007
2457399.75528 16.115 0.009
2457404.74488 16.121 0.008
2457408.71800 16.118 0.007
2457410.71939 16.153 0.008
2457413.68210 16.104 0.008
2457416.68902 16.118 0.007
2457424.63143 16.293 0.008
2457427.66705 16.208 0.007
2457431.65789 16.182 0.007
2457435.65118 16.085 0.007
2457439.65726 16.298 0.008
2457443.62860 16.101 0.006
2457449.63431 16.220 0.008
2457453.60874 16.153 0.008
2457462.62344 16.104 0.006
2457466.57092 16.261 0.008
2457472.57769 16.107 0.008
2457476.53340 16.164 0.008
2457488.48721 16.182 0.008
2457499.51033 16.106 0.008
2457507.48254 16.176 0.008
2457637.90365 16.157 0.008
2457645.85789 16.200 0.008
2457648.85240 16.056 0.007
2457651.86579 16.063 0.007
2457655.86862 16.141 0.007
2457659.89534 16.140 0.008
2457663.83810 16.052 0.007
2457667.87497 16.263 0.007
2457673.81716 16.067 0.006
2457684.83634 16.367 0.009
2457691.78153 16.187 0.007
2457705.75613 16.075 0.007
2457709.71034 16.108 0.007
2457710.74815 16.086 0.007
2457713.80412 16.177 0.008
2457719.76686 16.145 0.007
2457724.72334 16.114 0.008
2457733.80298 16.179 0.008
2457737.72460 16.088 0.007
2457741.80036 16.197 0.008
2457747.77635 16.100 0.008
2457750.74988 16.208 0.009
2457755.71094 16.257 0.009
2457760.71478 16.259 0.008
2457764.76781 16.090 0.008
2457769.72793 16.098 0.008
2457775.73000 16.312 0.008
2457783.62075 16.076 0.007
2457787.69938 16.289 0.008
2457792.58817 16.234 0.008
2457796.61508 16.118 0.008
2457801.63195 16.137 0.008
2457812.58063 16.175 0.009
2457818.53517 16.112 0.007
2457823.55086 16.134 0.008
2457828.52557 16.143 0.008
2457837.50800 16.079 0.008
2457846.49394 16.223 0.009
2457856.51026 16.220 0.008
2457870.48032 16.256 0.008
2458010.86951 16.308 0.010
2458018.89206 16.161 0.008
2458029.87936 16.069 0.007
2458186.59221 16.130 0.008
2458197.49218 16.117 0.010
2458205.54334 16.086 0.008
2458209.53995 16.242 0.008
2458213.52992 16.129 0.008
2458220.54531 16.089 0.008
2458226.52217 16.351 0.009
2458230.51996 16.097 0.007
2458236.48040 16.245 0.008
2458357.86373 16.050 0.007
2458364.89023 16.085 0.007
2458371.82081 16.111 0.008
2458377.87640 16.065 0.008
2458393.85333 16.200 0.008
2458404.76717 16.089 0.008
2458408.80126 16.094 0.007
2458411.76000 16.050 0.008
2458415.74335 16.142 0.008
2458419.74041 16.141 0.008
2458423.75068 16.053 0.007
2458440.62973 16.054 0.007
2458440.64166 16.037 0.007
2458440.69556 16.078 0.007
2458440.76628 16.127 0.007
2458441.60718 16.205 0.008
2458441.69024 16.135 0.007
2458441.75291 16.096 0.007
2458442.60256 16.040 0.007
2458442.69056 16.105 0.007
2458442.75355 16.186 0.008
2458443.60674 16.120 0.007
2458443.68545 16.084 0.007
2458443.76369 16.068 0.007
2458444.59944 16.153 0.008
2458444.68047 16.312 0.008
2458444.78250 16.222 0.008
2458445.60263 16.078 0.009
2458445.74374 16.089 0.007
2458445.83332 16.166 0.008
2458446.61321 16.232 0.007
2458446.67634 16.170 0.007
2458446.75177 16.100 0.007
2458447.59757 16.061 0.007
2458447.65948 16.089 0.007
2458447.74513 16.155 0.007
2458447.85149 16.269 0.007
2458448.70748 16.080 0.006
2458449.75731 16.299 0.007
2458450.72681 16.075 0.007
2458451.73921 16.143 0.008
2458452.73575 16.144 0.007
2458453.75027 16.078 0.007
2458454.78205 16.286 0.008
2458455.72789 16.069 0.008
2458469.78768 16.333 0.008
2458472.78591 16.137 0.007
2458475.70573 16.076 0.007
2458478.75380 16.115 0.007
2458481.73117 16.241 0.007
2458484.75869 16.238 0.007
2458488.75523 16.141 0.007
2458493.71800 16.186 0.008
2458499.75012 16.175 0.008
2458503.75175 16.192 0.010
2458513.74833 16.229 0.008
2458516.75515 16.271 0.008
2458518.59338 16.200 0.007
2458521.58108 16.078 0.007
2458525.65153 16.227 0.007
2458529.60392 16.087 0.007
2458536.66678 16.127 0.007
2458541.52837 16.074 0.008
2458545.58149 16.198 0.007
2458552.52763 16.316 0.009
2458559.53615 16.158 0.008
2458563.54746 16.079 0.007
2458568.54001 16.052 0.007
2458575.49841 16.069 0.008
2458582.49730 16.153 0.008
2458587.50545 16.151 0.008
2458602.47846 16.100 0.007
2458702.92856 16.189 0.008
2458711.91666 16.144 0.009
2458716.88992 16.195 0.007
2458720.91520 16.080 0.009
2458725.86761 16.065 0.007
2458728.86016 16.114 0.007
2458736.87011 16.310 0.008
2458739.86157 16.101 0.008
2458741.85316 16.255 0.009
2458747.87731 16.055 0.008
2458753.87556 16.189 0.008
2458758.86724 16.234 0.008
2458762.88972 16.070 0.007
2458766.89125 16.218 0.008
2458771.85313 16.155 0.009
2458774.81292 16.053 0.008
2458777.79810 16.084 0.008
2458781.83012 16.109 0.007
2458783.87951 16.265 0.008
2458785.74097 16.261 0.008
2458796.73003 16.054 0.007
2458799.72803 16.139 0.008
2458802.74780 16.226 0.007
2458805.76259 16.206 0.008
2458817.74406 16.261 0.008
2458823.69767 16.069 0.007
2458827.70233 16.172 0.007
2458830.70492 16.089 0.007
2458834.69769 16.340 0.008
2458838.72267 16.094 0.008
2458842.71293 16.144 0.007
2458846.67508 16.195 0.007
2458851.66509 16.210 0.007
2458857.71124 16.115 0.007
2458862.74041 16.080 0.008
2458871.53621 16.120 0.008
2458879.64938 16.148 0.007
2458889.58205 16.075 0.007
2458897.59543 16.103 0.007
2458904.57397 16.075 0.007
2458910.60870 16.235 0.008
2458916.56835 16.081 0.007
2458921.57089 16.078 0.007
2459804.93248 16.099 0.008
2459813.90843 16.183 0.008
2459819.85814 16.067 0.006
2459825.83107 16.162 0.008
2459834.90581 16.074 0.008
2459842.86058 16.325 0.009
2459847.85128 16.280 0.008
2459852.83189 16.268 0.007
2459855.82665 16.091 0.007
2459856.80303 16.130 0.008
2459856.81827 16.116 0.007
2459856.83302 16.106 0.007
2459856.84700 16.098 0.008
2459858.76408 16.087 0.008
2459858.84239 16.053 0.007
2459858.85637 16.051 0.007
2459858.87060 16.055 0.007
2459858.88506 16.071 0.007
2459861.73426 16.222 0.008
2459861.74827 16.196 0.008
2459861.79294 16.142 0.007
2459861.80693 16.146 0.007
2459861.82147 16.123 0.008
2459861.83547 16.107 0.007
2459861.84963 16.109 0.007
2459861.86649 16.096 0.007
2459861.88054 16.089 0.007
2459862.73753 16.103 0.009
2459862.75220 16.121 0.008
2459862.76626 16.143 0.009
2459862.78022 16.137 0.008
2459862.79432 16.173 0.008
2459862.80902 16.164 0.008
2459862.82320 16.191 0.008
2459862.83713 16.211 0.008
2459862.85133 16.250 0.008
2459862.86526 16.261 0.008
2459862.87939 16.298 0.009
2459863.71485 16.079 0.008
2459863.72879 16.102 0.008
2459863.74297 16.076 0.008
2459863.75693 16.078 0.008
2459863.77149 16.069 0.008
2459863.78547 16.087 0.007
2459863.79965 16.069 0.007
2459863.81364 16.067 0.008
2459863.82780 16.079 0.008
2459863.84258 16.050 0.007
2459863.85707 16.066 0.007
2459863.87100 16.070 0.007
2459864.70310 16.166 0.008
2459864.71744 16.171 0.008
2459864.73162 16.205 0.008
2459864.74801 16.212 0.008
2459864.76226 16.227 0.008
2459865.70557 16.057 0.007
2459865.71958 16.059 0.007
2459865.73997 16.082 0.007
2459865.75396 16.055 0.007
2459865.76816 16.069 0.007
2459865.78227 16.040 0.006
2459865.81443 16.082 0.007
2459865.82847 16.077 0.006
2459865.84264 16.080 0.006
2459865.85666 16.089 0.006
2459865.87087 16.096 0.007
2459866.70532 16.289 0.008
2459866.71936 16.259 0.007
2459866.73370 16.246 0.007
2459866.74765 16.220 0.007
2459866.76186 16.195 0.007
2459866.77591 16.177 0.007
2459866.78997 16.146 0.006
2459866.80403 16.145 0.007
2459866.81861 16.130 0.007
2459866.83266 16.144 0.007
2459866.84716 16.121 0.007
2459866.86124 16.117 0.007
2459866.87544 16.097 0.007
2459867.70288 16.087 0.006
2459867.71696 16.094 0.006
2459867.73113 16.093 0.006
2459867.74511 16.109 0.007
2459867.75933 16.111 0.006
2459867.77337 16.125 0.006
2459867.78762 16.130 0.007
2459867.80174 16.149 0.007
2459867.81643 16.170 0.007
2459867.83059 16.201 0.007
2459867.84493 16.228 0.007
2459867.87313 16.253 0.007
2459868.69614 16.127 0.007
2459868.71025 16.101 0.007
2459868.72456 16.098 0.007
2459868.73856 16.090 0.007
2459868.75300 16.082 0.006
2459868.76703 16.081 0.006
2459868.78114 16.068 0.006
2459868.79513 16.065 0.006
2459868.80988 16.067 0.007
2459868.82381 16.062 0.006
2459868.85558 16.065 0.006
2459868.86959 16.056 0.006
2459869.69284 16.141 0.007
2459869.70676 16.142 0.007
2459869.72090 16.148 0.007
2459869.73530 16.188 0.007
2459869.74956 16.202 0.007
2459869.76353 16.209 0.007
2459869.77883 16.254 0.007
2459869.79278 16.251 0.008
2459869.80794 16.253 0.007
2459869.82242 16.259 0.007
2459869.83669 16.235 0.007
2459869.85063 16.216 0.007
2459869.86503 16.207 0.008
2459869.87901 16.174 0.008
2459870.69357 16.058 0.007
2459870.70760 16.058 0.007
2459870.72175 16.060 0.007
2459870.73570 16.054 0.007
2459870.74991 16.055 0.007
2459870.76393 16.060 0.007
2459870.77828 16.063 0.007
2459870.79226 16.053 0.007
2459870.80684 16.061 0.007
2459870.82079 16.072 0.007
2459870.83504 16.077 0.007
2459870.84904 16.090 0.007
2459870.86325 16.088 0.007
2459870.87722 16.095 0.008
2459871.69347 16.291 0.008
2459871.70754 16.293 0.008
2459871.72167 16.294 0.008
2459871.73563 16.275 0.008
2459871.74973 16.229 0.008
2459871.76372 16.230 0.008
2459871.77811 16.196 0.008
2459871.79209 16.189 0.008
2459871.81202 16.155 0.008
2459871.82597 16.147 0.008
2459871.84256 16.131 0.008
2459871.85659 16.131 0.008
2459871.87072 16.125 0.008
2459872.70234 16.072 0.008
2459872.71634 16.087 0.008
2459872.73093 16.101 0.008
2459872.74495 16.107 0.008
2459872.75913 16.125 0.008
2459872.77315 16.117 0.008
2459872.78729 16.126 0.008
2459872.80127 16.152 0.008
2459872.81613 16.175 0.009
2459872.86783 16.271 0.009
2459873.68149 16.130 0.007
2459873.69592 16.125 0.007
2459873.71011 16.115 0.007
2459873.72414 16.105 0.007
2459873.75320 16.071 0.007
2459873.76723 16.078 0.007
2459873.78523 16.064 0.007
2459873.79929 16.078 0.007
2459873.81350 16.067 0.007
2459873.82750 16.071 0.007
2459873.84189 16.059 0.007
2459873.85963 16.065 0.007
2459873.87379 16.080 0.007
2459874.68970 16.123 0.007
2459874.70371 16.107 0.007
2459874.71789 16.140 0.007
2459874.73191 16.154 0.007
2459874.74620 16.170 0.007
2459874.76023 16.200 0.007
2459874.77449 16.217 0.006
2459874.78849 16.231 0.007
2459874.80328 16.251 0.007
2459874.81726 16.261 0.007
2459874.83143 16.252 0.007
2459874.84546 16.256 0.007
2459874.85986 16.228 0.007
2459874.87390 16.229 0.007
2459875.69108 16.073 0.007
2459875.70671 16.076 0.008
2459875.72095 16.053 0.008
2459875.73497 16.062 0.007
2459875.74931 16.059 0.007
2459875.76330 16.044 0.007
2459875.77755 16.049 0.007
2459875.79156 16.060 0.007
2459875.80647 16.087 0.007
2459875.82044 16.067 0.007
2459875.86185 16.078 0.007
2459876.70047 16.307 0.008
2459876.71440 16.292 0.008
2459876.72855 16.291 0.007
2459876.74282 16.275 0.007
2459876.75699 16.259 0.007
2459876.77098 16.230 0.007
2459876.78506 16.217 0.007
2459876.79941 16.193 0.007
2459876.81435 16.172 0.007
2459876.82836 16.154 0.007
2459876.84253 16.144 0.007
2459876.85676 16.123 0.007
2459876.87100 16.124 0.007
2459877.67907 16.063 0.008
2459877.69305 16.063 0.007
2459877.70716 16.076 0.008
2459877.72116 16.074 0.007
2459877.73539 16.069 0.007
2459877.74935 16.079 0.008
2459877.76363 16.094 0.007
2459877.77762 16.114 0.008
2459877.79241 16.135 0.008
2459877.80670 16.136 0.008
2459877.82078 16.163 0.008
2459878.68817 16.150 0.008
2459878.70214 16.138 0.008
2459878.71648 16.122 0.008
2459878.76098 16.088 0.008
2459878.78164 16.086 0.008
2459878.79565 16.095 0.008
2459878.81281 16.053 0.007
2459878.82678 16.056 0.008
2459878.84161 16.051 0.007
2459878.85562 16.077 0.008
2459878.86982 16.068 0.008
2459879.70540 16.096 0.007
2459879.71938 16.112 0.007
2459879.74872 16.173 0.008
2459879.76273 16.171 0.008
2459879.77749 16.201 0.007
2459879.79155 16.218 0.007
2459879.80651 16.248 0.007
2459879.82049 16.257 0.007
2459879.83477 16.266 0.007
2459879.84912 16.261 0.007
2459879.86343 16.262 0.007
2459880.66135 16.092 0.008
2459880.67539 16.080 0.007
2459880.68979 16.066 0.007
2459880.70388 16.066 0.007
2459880.71804 16.061 0.007
2459880.73218 16.047 0.007
2459880.74645 16.076 0.007
2459880.76116 16.064 0.007
2459880.77607 16.052 0.007
2459880.79010 16.045 0.008
2459880.80429 16.053 0.007
2459880.81837 16.047 0.007
2459880.83269 16.066 0.007
2459880.84681 16.059 0.007
2459880.86113 16.088 0.007
2459881.67109 16.247 0.008
2459881.68523 16.290 0.008
2459881.69963 16.317 0.007
2459881.71449 16.321 0.007
2459881.72875 16.310 0.007
2459881.74279 16.308 0.007
2459881.75713 16.278 0.007
2459881.77116 16.257 0.007
2459881.78612 16.210 0.007
2459881.80023 16.199 0.007
2459881.81467 16.185 0.007
2459881.82869 16.189 0.008
2459881.84291 16.152 0.007
2459881.85690 16.137 0.007
2459881.87114 16.132 0.008
2459882.67617 16.055 0.007
2459882.69020 16.070 0.007
2459882.70437 16.069 0.007
2459882.71834 16.063 0.007
2459882.74755 16.083 0.007
2459882.76221 16.084 0.007
2459882.77645 16.098 0.007
2459882.79080 16.107 0.007
2459882.80543 16.133 0.007
2459882.81941 16.127 0.007
2459883.67834 16.193 0.008
2459883.69227 16.176 0.008
2459883.70655 16.143 0.008
2459883.72053 16.130 0.008
2459883.73488 16.118 0.008
2459883.74886 16.120 0.008
2459883.76298 16.107 0.008
2459883.77698 16.117 0.008
2459883.79171 16.098 0.008
2459883.80877 16.108 0.008
2459883.82301 16.110 0.008
2459883.83708 16.086 0.007
2459883.85139 16.080 0.008
2459883.86542 16.051 0.008
2459884.66565 16.079 0.008
2459884.67963 16.089 0.008
2459884.80472 16.243 0.008
2459884.81877 16.243 0.008
2459884.83298 16.260 0.008
2459884.84699 16.257 0.008
2459884.86129 16.257 0.008
2459885.65861 16.104 0.008
2459885.67268 16.093 0.007
2459885.68692 16.101 0.008
2459885.70103 16.085 0.008
2459885.71548 16.067 0.008
2459885.72947 16.077 0.007
2459885.74373 16.060 0.007
2459885.75773 16.062 0.007
2459885.77272 16.069 0.007
2459885.78677 16.059 0.007
2459885.80093 16.070 0.008
2459885.81492 16.066 0.007
2459885.82914 16.053 0.007
2459885.84314 16.042 0.008
2459885.85733 16.089 0.008
2459886.70877 16.303 0.008
2459886.72267 16.321 0.007
2459886.73768 16.315 0.007
2459886.75164 16.306 0.007
2459886.76674 16.307 0.008
2459886.78070 16.275 0.007
2459886.79497 16.250 0.007
2459886.80893 16.220 0.007
2459886.82422 16.204 0.007
2459886.83846 16.176 0.007
2459886.85294 16.169 0.007
2459887.65894 16.068 0.007
2459887.67330 16.068 0.008
2459887.68755 16.058 0.008
2459887.70155 16.067 0.007
2459887.71569 16.062 0.007
2459887.72971 16.086 0.007
2459887.74398 16.071 0.007
2459887.75829 16.081 0.007
2459887.77317 16.082 0.008
2459887.78713 16.103 0.007
2459887.80136 16.111 0.007
2459887.81544 16.136 0.007
2459887.82975 16.138 0.007
2459887.84403 16.138 0.007
2459887.85868 16.152 0.007
2459888.65460 16.231 0.008
2459888.66892 16.224 0.008
2459888.68323 16.167 0.008
2459888.69773 16.167 0.008
2459888.71204 16.159 0.008
2459888.72598 16.124 0.008
2459888.74028 16.129 0.007
2459888.75427 16.115 0.007
2459888.76907 16.100 0.008
2459888.78308 16.108 0.007
2459888.79743 16.115 0.007
2459888.81155 16.096 0.007
2459888.82594 16.087 0.007
2459888.84000 16.077 0.007
2459888.85494 16.061 0.007
2459889.69234 16.103 0.008
2459889.71525 16.126 0.008
2459889.72947 16.104 0.008
2459889.74342 16.130 0.008
2459889.75792 16.124 0.008
2459889.77204 16.154 0.008
2459889.78629 16.167 0.007
2459889.80088 16.195 0.008
2459889.81593 16.235 0.008
2459889.82998 16.241 0.007
2459889.84426 16.252 0.007
2459889.85861 16.274 0.007
2459893.66297 16.240 0.008
2459893.67695 16.227 0.008
2459893.69131 16.226 0.008
2459893.70528 16.195 0.007
2459893.71965 16.171 0.007
2459893.73375 16.155 0.007
2459893.74818 16.127 0.007
2459893.76234 16.123 0.007
2459895.64326 16.137 0.008
2459895.65737 16.136 0.008
2459895.67167 16.109 0.008
2459895.68572 16.116 0.007
2459895.70014 16.106 0.007
2459895.71420 16.107 0.008
2459895.72855 16.088 0.007
2459896.67481 16.223 0.009
2459897.65919 16.062 0.008
2459897.67331 16.060 0.008
2459897.68759 16.047 0.008
2459897.70170 16.064 0.008
2459897.71599 16.062 0.007
2459897.73005 16.062 0.007
2459897.74432 16.067 0.007
2459897.75832 16.061 0.007
2459897.77258 16.070 0.007
2459897.78652 16.072 0.007
2459897.80077 16.102 0.007
2459897.81602 16.109 0.007
2459897.83031 16.106 0.007
2459897.84426 16.118 0.007
2459897.85863 16.130 0.008
2459898.62961 16.255 0.007
2459898.64471 16.257 0.007
2459898.65980 16.252 0.007
2459898.67384 16.238 0.007
2459898.68814 16.221 0.007
2459898.70222 16.207 0.007
2459898.73538 16.169 0.006
2459898.74943 16.141 0.006
2459898.76382 16.144 0.006
2459898.78421 16.124 0.006
2459898.80033 16.125 0.006
2459898.81430 16.112 0.006
2459898.82868 16.090 0.006
2459898.84265 16.100 0.006
2459898.85694 16.101 0.007
2459899.65303 16.070 0.007
2459899.66705 16.067 0.007
2459899.68123 16.073 0.007
2459899.69519 16.090 0.007
2459899.70947 16.086 0.007
2459899.72340 16.099 0.007
2459899.73776 16.118 0.007
2459899.75168 16.115 0.007
2459899.76597 16.132 0.007
2459899.77990 16.136 0.007
2459899.79417 16.145 0.007
2459899.80814 16.177 0.007
2459899.82248 16.188 0.007
2459899.83646 16.201 0.007
2459899.85071 16.251 0.007
2459900.63807 16.169 0.008
2459900.65210 16.158 0.008
2459900.66671 16.124 0.007
2459900.68064 16.122 0.007
2459900.69763 16.116 0.007
2459900.71161 16.115 0.007
2459900.72586 16.115 0.007
2459900.73984 16.103 0.007
2459900.75415 16.091 0.006
2459900.76814 16.087 0.006
2459900.78233 16.072 0.007
2459900.79632 16.060 0.006
2459900.81068 16.083 0.006
2459900.82462 16.089 0.007
2459900.83895 16.076 0.007
2459900.85289 16.068 0.007
2459901.62943 16.102 0.008
2459901.64343 16.121 0.008
2459901.65761 16.156 0.008
2459901.67171 16.149 0.007
2459901.68605 16.170 0.007
2459901.70007 16.187 0.007
2459901.71433 16.222 0.007
2459901.72833 16.257 0.007
2459901.74265 16.277 0.007
2459901.75664 16.278 0.008
2459901.77095 16.307 0.007
2459901.78541 16.313 0.007
2459901.79978 16.315 0.008
2459901.81376 16.307 0.007
2459901.82812 16.296 0.007
2459901.84223 16.251 0.007
2459901.85652 16.235 0.008
2459902.62568 16.070 0.007
2459902.63977 16.051 0.008
2459902.65406 16.046 0.007
2459902.66806 16.054 0.007
2459902.68243 16.054 0.007
2459902.69644 16.058 0.007
2459902.71085 16.060 0.007
2459902.72497 16.068 0.007
2459902.73954 16.070 0.006
2459902.75367 16.056 0.007
2459902.76811 16.068 0.007
2459902.78211 16.071 0.007
2459902.79667 16.080 0.007
2459902.81072 16.097 0.007
2459902.84303 16.102 0.007
2459902.85702 16.117 0.007
2459903.63139 16.225 0.008
2459903.64543 16.259 0.008
2459903.66156 16.254 0.007
2459903.67557 16.254 0.008
2459903.68978 16.224 0.008
2459903.70377 16.230 0.007
2459903.71804 16.193 0.007
2459903.73196 16.182 0.007
2459903.74617 16.176 0.008
2459903.76019 16.167 0.008
2459903.77455 16.146 0.007
2459903.78849 16.134 0.007
2459903.80266 16.128 0.007
2459903.81666 16.126 0.007
2459903.83096 16.135 0.007
2459903.84497 16.124 0.006
2459903.85923 16.097 0.007
2459904.61921 16.052 0.007
2459904.63327 16.050 0.007
2459904.64759 16.065 0.007
2459904.66163 16.064 0.007
2459904.68097 16.071 0.007
2459904.69503 16.063 0.007
2459905.61066 16.260 0.007
2459905.62461 16.209 0.007
2459905.63903 16.180 0.007
2459905.65296 16.153 0.007
2459905.66713 16.133 0.006
2459905.68110 16.137 0.007
2459905.69539 16.124 0.007
2459905.70937 16.112 0.007
2459905.72361 16.124 0.007
2459905.73761 16.121 0.007
2459905.75183 16.086 0.007
2459905.76584 16.091 0.007
2459905.78011 16.088 0.006
2459905.79408 16.076 0.006
2459905.80823 16.080 0.006
2459905.82224 16.072 0.007
2459905.83653 16.064 0.007
2459905.85046 16.059 0.007
2459906.61187 16.085 0.008
2459906.62589 16.085 0.007
2459906.64082 16.109 0.007
2459906.65483 16.159 0.008
2459906.66912 16.135 0.008
2459906.68313 16.150 0.008
2459906.69750 16.169 0.008
2459906.71197 16.176 0.008
2459906.72623 16.233 0.008
2459906.74025 16.230 0.007
2459906.77203 16.323 0.007
2459906.78611 16.318 0.007
2459906.80035 16.339 0.008
2459906.81438 16.316 0.008
2459906.82953 16.299 0.008
2459906.84351 16.306 0.008
2459907.59929 16.091 0.007
2459907.61334 16.076 0.007
2459907.62758 16.072 0.007
2459907.64160 16.069 0.006
2459907.65584 16.078 0.006
2459907.66987 16.065 0.007
2459907.68422 16.058 0.007
2459907.69834 16.048 0.007
2459907.71268 16.060 0.007
2459907.72680 16.064 0.007
2459907.74107 16.055 0.007
2459907.75516 16.076 0.007
2459907.76942 16.076 0.006
2459907.79277 16.094 0.007
2459907.80732 16.105 0.007
2459907.82131 16.088 0.007
2459907.83554 16.093 0.007
2459907.84955 16.105 0.007
2459908.60172 16.174 0.008
2459908.61569 16.207 0.008
2459908.63000 16.207 0.008
2459908.64396 16.215 0.008
2459908.65829 16.253 0.008
2459908.67222 16.229 0.007
2459908.68655 16.250 0.007
2459908.70051 16.242 0.007
2459908.71455 16.232 0.007
2459908.72855 16.218 0.008
2459908.74286 16.201 0.007
2459908.75687 16.164 0.007
2459908.77112 16.174 0.007
2459908.78508 16.144 0.007
2459908.79926 16.129 0.007
2459908.81326 16.117 0.007
2459908.82755 16.129 0.007
2459908.84161 16.105 0.007
2459908.85580 16.115 0.008
2459909.65856 16.063 0.007
2459909.73074 16.080 0.007
2459909.78811 16.112 0.006
2459909.80249 16.118 0.007
2459909.81667 16.141 0.006
2459909.83078 16.174 0.005
2459909.85543 16.197 0.007
2459910.61582 16.232 0.007
2459910.64887 16.197 0.008
2459910.66288 16.175 0.008
2459910.67726 16.146 0.008
2459910.69124 16.117 0.007
2459910.70562 16.118 0.006
2459910.71967 16.119 0.007
2459910.73400 16.127 0.007
2459910.74798 16.102 0.006
2459910.76607 16.082 0.007
2459910.79426 16.089 0.006
2459910.80831 16.093 0.007
2459910.84052 16.099 0.007
2459910.85462 16.087 0.008
2459911.60752 16.069 0.007
2459911.62180 16.066 0.007
2459911.63606 16.111 0.008
2459911.65008 16.120 0.008
2459911.66437 16.122 0.008
2459911.67847 16.127 0.008
2459911.69274 16.138 0.008
2459911.70674 16.170 0.008
2459911.72721 16.180 0.007
2459911.74132 16.217 0.007
2459911.75551 16.256 0.007
2459911.76966 16.269 0.007
2459911.78394 16.308 0.006
2459911.79799 16.313 0.007
2459911.81451 16.335 0.007
2459911.82856 16.345 0.008
2459911.84279 16.297 0.007
2459911.85717 16.298 0.008
2459912.60739 16.094 0.007
2459912.62139 16.101 0.007
2459912.63585 16.094 0.007
2459912.64992 16.064 0.006
2459912.66424 16.074 0.007
2459912.67833 16.060 0.006
2459912.69274 16.070 0.007
2459912.70681 16.059 0.007
2459912.72142 16.072 0.007
2459912.73550 16.059 0.007
2459912.74994 16.070 0.007
2459912.76391 16.066 0.007
2459912.77817 16.073 0.007
2459912.79214 16.079 0.007
2459912.80649 16.082 0.007
2459912.82047 16.100 0.008
2459912.83469 16.104 0.007
2459912.84858 16.103 0.008
2459912.86271 16.127 0.009
2459913.58410 16.120 0.007
2459913.59808 16.146 0.007
2459913.61251 16.160 0.007
2459913.62643 16.188 0.007
2459913.64228 16.214 0.008
2459913.65625 16.232 0.007
2459913.67063 16.242 0.007
2459913.68458 16.257 0.007
2459913.69882 16.252 0.007
2459913.71276 16.254 0.007
2459913.72698 16.243 0.007
2459913.74096 16.229 0.008
2459913.75555 16.214 0.007
2459913.76951 16.207 0.007
2459913.78395 16.192 0.007
2459913.79794 16.150 0.007
2459913.81212 16.146 0.007
2459913.82616 16.124 0.007
2459913.84070 16.116 0.008
2459914.62728 16.050 0.007
2459914.64126 16.055 0.007
2459914.65586 16.042 0.007
2459914.66987 16.051 0.007
2459914.69066 16.060 0.007
2459914.70556 16.081 0.007
2459914.72243 16.080 0.007
2459914.73640 16.084 0.007
2459914.76107 16.110 0.007
2459914.77507 16.110 0.007
2459914.78928 16.107 0.007
2459914.80397 16.123 0.007
2459914.82392 16.141 0.007
2459914.83785 16.146 0.007
2459915.58423 16.267 0.009
2459915.59824 16.284 0.008
2459915.61332 16.289 0.008
2459915.62772 16.247 0.008
2459915.64213 16.229 0.008
2459915.65666 16.192 0.007
2459915.67345 16.168 0.007
2459915.68751 16.167 0.008
2459915.70200 16.143 0.007
2459915.71604 16.148 0.008
2459915.73059 16.122 0.007
2459915.74466 16.118 0.007
2459915.75919 16.115 0.007
2459915.77403 16.101 0.006
2459915.78887 16.097 0.006
2459915.80287 16.084 0.007
2459915.81812 16.075 0.006
2459915.83264 16.077 0.006
2459915.84921 16.069 0.007
2459916.58180 16.062 0.007
2459916.59797 16.081 0.007
2459916.61222 16.095 0.007
2459916.62624 16.084 0.007
2459916.64108 16.099 0.007
2459916.65513 16.113 0.007
2459916.67020 16.115 0.007
2459916.68687 16.130 0.007
2459916.70134 16.135 0.007
2459916.71618 16.161 0.007
2459916.73059 16.184 0.007
2459916.74562 16.198 0.007
2459916.75986 16.230 0.007
2459916.77385 16.262 0.007
2459916.79003 16.298 0.007
2459916.81334 16.332 0.007
2459916.82861 16.320 0.007
2459916.84299 16.316 0.007
2459917.57988 16.129 0.007
2459917.59472 16.092 0.007
2459917.60894 16.101 0.007
2459917.62297 16.092 0.007
2459917.63921 16.096 0.007
2459917.65900 16.068 0.007
2459917.67481 16.060 0.007
2459917.68878 16.077 0.007
2459917.70332 16.067 0.006
2459917.71886 16.073 0.006
2459917.73364 16.074 0.006
2459917.74761 16.050 0.006
2459917.76277 16.057 0.006
2459917.77868 16.071 0.006
2459917.79390 16.071 0.006
2459917.80969 16.074 0.006
2459917.83248 16.083 0.006
2459917.84696 16.101 0.007
2459918.57151 16.111 0.008
2459918.58552 16.126 0.007
2459918.60074 16.145 0.007
2459918.61604 16.153 0.007
2459918.64005 16.206 0.007
2459918.65412 16.201 0.007
2459918.66845 16.232 0.008
2459918.68252 16.257 0.008
2459918.69747 16.249 0.008
2459918.71389 16.242 0.007
2459918.72835 16.256 0.007
2459918.74363 16.231 0.008
2459918.75807 16.223 0.007
2459918.77215 16.217 0.007
2459918.79933 16.174 0.007
2459918.81397 16.161 0.007
2459918.83926 16.145 0.007
2459918.85330 16.136 0.008
2459919.59344 16.061 0.007
2459919.60784 16.039 0.007
2459919.62220 16.063 0.007
2459919.63621 16.069 0.007
2459919.65084 16.051 0.007
2459919.66480 16.050 0.007
2459919.68031 16.063 0.007
2459919.69441 16.068 0.007
2459919.73028 16.081 0.007
2459919.74786 16.085 0.007
2459919.76318 16.103 0.007
2459919.77875 16.100 0.007
2459919.79326 16.089 0.007
2459919.81451 16.144 0.007
2459919.83018 16.160 0.007
2459919.84486 16.165 0.008
2459920.58147 16.286 0.007
2459920.59552 16.313 0.008
2459920.61004 16.304 0.008
2459920.62448 16.249 0.008
2459920.63977 16.272 0.008
2459920.65477 16.243 0.008
2459920.66927 16.200 0.007
2459920.68339 16.195 0.007
2459920.69882 16.155 0.007
2459920.71319 16.146 0.007
2459920.72874 16.143 0.007
2459920.74382 16.137 0.007
2459920.75816 16.155 0.008
2459921.62124 16.098 0.008
2459921.63519 16.088 0.007
2459921.64987 16.110 0.008
2459921.66383 16.127 0.007
2459921.67851 16.122 0.007
2459921.69252 16.132 0.007
2459921.70868 16.142 0.007
2459921.72261 16.148 0.008
2459921.73697 16.172 0.007
2459921.75097 16.195 0.007
2459921.76602 16.233 0.008
2459921.78061 16.250 0.008
2459921.79512 16.262 0.008
2459921.80987 16.279 0.008
2459921.82657 16.333 0.008
2459921.84051 16.349 0.008
2459922.58326 16.121 0.008
2459922.59723 16.147 0.008
2459922.65203 16.097 0.007
2459922.66822 16.100 0.008
2459922.68246 16.078 0.008
2459923.57558 16.115 0.007
2459923.59079 16.104 0.007
2459923.60601 16.147 0.007
2459923.62081 16.142 0.007
2459923.63504 16.155 0.007
2459923.65097 16.200 0.008
2459923.66530 16.209 0.008
2459923.67925 16.220 0.008
2459923.69357 16.246 0.008
2459923.70819 16.265 0.008
2459923.80140 16.224 0.008
2459923.82267 16.193 0.008
2459923.83723 16.139 0.008
2459923.85122 16.140 0.008
2459924.57319 16.066 0.007
2459924.58714 16.074 0.006
2459924.62322 16.067 0.007
2459924.63721 16.054 0.007
2459924.65206 16.060 0.008
2459924.74588 16.089 0.008
2459924.76005 16.096 0.007
2459924.77402 16.095 0.007
2459925.56531 16.265 0.008
2459925.58982 16.337 0.008
2459925.60401 16.314 0.008
2459925.61954 16.316 0.008
2459925.63363 16.306 0.008
2459925.64798 16.278 0.008
2459925.66233 16.249 0.007
2459925.67750 16.245 0.007
2459925.69184 16.211 0.007
2459925.70640 16.190 0.007
2459925.72078 16.155 0.008
2459925.73477 16.171 0.008
2459925.74902 16.171 0.008
2459925.76303 16.166 0.008
2459925.77790 16.152 0.008
2459926.55968 16.081 0.008
2459926.57507 16.098 0.008
2459926.59882 16.089 0.008
2459926.61360 16.085 0.008
2459926.62853 16.093 0.007
2459926.64336 16.087 0.008
2459926.65775 16.099 0.007
2459926.67228 16.135 0.008
2459926.68681 16.130 0.008
2459926.77524 16.227 0.008
2459926.79084 16.251 0.008
2459926.80500 16.284 0.008
2459927.56396 16.177 0.007
2459927.57864 16.181 0.007
2459927.59565 16.143 0.008
2459927.61041 16.133 0.007
2459927.62522 16.109 0.007
2459927.64130 16.109 0.007
2459927.66047 16.099 0.007
2459927.67548 16.108 0.007
2459927.68975 16.091 0.007
2459927.70370 16.087 0.007
2459927.71805 16.081 0.008
2459927.73268 16.083 0.008
2459927.74719 16.077 0.007
2459927.76172 16.078 0.007
2459927.77600 16.074 0.007
2459927.79118 16.088 0.007
2459928.56296 16.096 0.007
2459928.58847 16.105 0.006
2459928.60263 16.120 0.006
2459928.61654 16.134 0.006
2459928.63437 16.163 0.006
2459928.65372 16.175 0.006
2459928.67032 16.198 0.006
2459928.68563 16.217 0.006
2459928.70016 16.250 0.006
2459928.71502 16.253 0.006
2459928.73029 16.258 0.007
2459928.76722 16.275 0.007
2459928.78176 16.254 0.007
2459928.79573 16.229 0.007
2459928.81007 16.216 0.007
2459928.82444 16.211 0.007
2459928.83905 16.185 0.007
2459928.85304 16.165 0.008
2459929.55233 16.118 0.008
2459929.56632 16.104 0.008
2459929.63498 16.069 0.007
2459929.65603 16.072 0.007
2459929.67022 16.060 0.007
2459929.68470 16.052 0.006
2459929.72461 16.083 0.006
2459929.73919 16.098 0.007
2459929.76079 16.082 0.007
2459929.77521 16.094 0.007
2459929.79115 16.101 0.007
2459929.80535 16.101 0.007
2459929.81969 16.108 0.007
2459929.83544 16.129 0.008
2459929.85002 16.142 0.008
2459930.54816 16.207 0.007
2459930.56217 16.245 0.008
2459930.57684 16.276 0.007
2459930.59078 16.289 0.008
2459930.60537 16.303 0.009
2459930.61938 16.327 0.008
2459930.63349 16.307 0.008
2459930.64745 16.307 0.007
2459930.66212 16.287 0.008
2459930.67616 16.259 0.008
2459930.69049 16.219 0.008
2459930.70454 16.207 0.008
2459930.71964 16.199 0.008
2459930.73362 16.187 0.007
2459930.74837 16.145 0.007
2459930.76372 16.140 0.007
2459930.78661 16.133 0.007
2459930.80062 16.152 0.007
2459930.83708 16.126 0.007
2459930.85113 16.124 0.007
2459931.54795 16.061 0.008
2459931.56204 16.048 0.007
2459931.57736 16.047 0.007
2459931.60123 16.056 0.007
2459931.61545 16.071 0.007
2459931.62950 16.070 0.007
2459931.64581 16.094 0.007
2459931.65984 16.091 0.007
2459931.67410 16.107 0.007
2459931.68811 16.097 0.007
2459931.70221 16.124 0.007
2459931.71950 16.120 0.007
2459931.73531 16.159 0.007
2459931.74962 16.162 0.007
2459931.76389 16.166 0.007
2459931.78778 16.224 0.007
2459931.80192 16.240 0.007
2459931.81590 16.266 0.007
2459931.83024 16.305 0.008
2459931.84425 16.330 0.008
2459932.53756 16.231 0.009
2459932.55249 16.201 0.008
2459932.56680 16.181 0.007
2459932.58321 16.161 0.007
2459932.60523 16.150 0.007
2459932.61917 16.126 0.007
2459932.63355 16.108 0.007
2459932.64756 16.109 0.007
2459932.66332 16.100 0.006
2459932.67725 16.083 0.007
2459932.69213 16.110 0.008
2459932.70613 16.088 0.007
2459932.72078 16.079 0.007
2459932.73476 16.079 0.007
2459932.75006 16.072 0.008
2459932.76793 16.082 0.008
2459932.78206 16.078 0.008
2459932.79609 16.059 0.007
2459932.81113 16.091 0.007
2459932.82519 16.093 0.007
2459932.83949 16.089 0.007
2459932.85351 16.093 0.008
2459933.55110 16.077 0.008
2459933.56508 16.087 0.007
2459933.57958 16.101 0.007
2459933.59561 16.113 0.007
2459933.61258 16.111 0.007
2459933.62652 16.133 0.008
2459933.64074 16.138 0.008
2459933.65477 16.166 0.007
2459933.66926 16.163 0.008
2459933.68525 16.198 0.008
2459933.71978 16.243 0.007
2459933.73530 16.254 0.007
2459933.74979 16.275 0.007
2459933.79700 16.273 0.007
2459933.82154 16.220 0.007
2459933.83560 16.206 0.007
2459933.84987 16.204 0.008
2459934.54770 16.120 0.008
2459934.56178 16.103 0.007
2459934.57794 16.101 0.007
2459934.59201 16.082 0.007
2459934.60683 16.081 0.007
2459934.62561 16.075 0.007
2459934.63962 16.069 0.007
2459934.65409 16.070 0.007
2459934.66814 16.081 0.007
2459934.68289 16.061 0.006
2459934.69689 16.055 0.007
2459934.71147 16.062 0.006
2459934.72551 16.059 0.006
2459934.74455 16.067 0.006
2459934.76255 16.083 0.006
2459934.78887 16.094 0.006
2459934.80295 16.095 0.006
2459934.82440 16.128 0.006
2459934.83846 16.120 0.006
2459934.85266 16.129 0.007
2459935.54997 16.197 0.007
2459935.56396 16.198 0.007
2459935.57824 16.233 0.007
2459935.59221 16.280 0.008
2459935.60658 16.279 0.008
2459935.62061 16.330 0.007
2459935.63570 16.321 0.007
2459935.64962 16.318 0.007
2459935.66422 16.307 0.007
2459935.67824 16.288 0.007
2459935.69261 16.264 0.007
2459935.70659 16.233 0.007
2459935.72747 16.218 0.007
2459935.74228 16.187 0.007
2459935.75743 16.166 0.007
2459935.77134 16.134 0.007
2459935.78636 16.163 0.007
2459935.80029 16.121 0.007
2459935.81540 16.145 0.007
2459935.82934 16.144 0.007
2459935.84392 16.123 0.006
2459935.85784 16.115 0.007
2459936.54999 16.059 0.007
2459936.56398 16.052 0.007
2459936.57849 16.046 0.007
2459936.59254 16.057 0.006
2459936.60770 16.066 0.006
2459936.62165 16.069 0.006
2459936.63611 16.083 0.007
2459936.65019 16.080 0.007
2459936.66576 16.112 0.008
2459936.68037 16.099 0.006
2459936.69551 16.109 0.006
2459936.70952 16.108 0.006
2459936.72457 16.137 0.006
2459936.73857 16.134 0.007
2459936.75891 16.157 0.006
2459936.77293 16.159 0.006
2459936.78734 16.203 0.007
2459936.80204 16.224 0.007
2459936.81648 16.246 0.007
2459936.83048 16.267 0.007
2459936.84498 16.291 0.007
2459936.85904 16.320 0.008
2459937.54384 16.236 0.008
2459937.55863 16.226 0.008
2459937.57315 16.210 0.007
2459937.58712 16.204 0.007
2459937.60317 16.167 0.007
2459937.61716 16.146 0.007
2459937.64055 16.138 0.007
2459937.65457 16.122 0.007
2459937.68226 16.122 0.006
2459937.69667 16.109 0.006
2459937.71108 16.098 0.006
2459937.72512 16.093 0.006
2459937.73963 16.079 0.006
2459937.75419 16.073 0.006
2459937.77061 16.073 0.006
2459937.78458 16.084 0.006
2459937.79891 16.081 0.006
2459937.81343 16.076 0.007
2459937.82792 16.080 0.006
2459937.84200 16.082 0.006
2459937.85678 16.088 0.007
2459938.54469 16.080 0.007
2459938.55876 16.067 0.007
2459938.57447 16.095 0.007
2459938.58845 16.087 0.007
2459938.60283 16.104 0.007
2459938.61678 16.130 0.008
2459938.63121 16.112 0.007
2459938.64518 16.121 0.007
2459938.65950 16.145 0.007
2459938.67463 16.149 0.007
2459938.68883 16.173 0.007
2459938.70317 16.208 0.007
2459938.71747 16.216 0.007
2459938.73139 16.245 0.008
2459938.74575 16.266 0.008
2459938.75969 16.258 0.008
2459938.77472 16.268 0.008
2459938.78868 16.266 0.008
2459938.80329 16.273 0.008
2459938.81725 16.221 0.008
2459938.83164 16.245 0.008
2459938.84563 16.214 0.008
2459938.85979 16.220 0.010
2459939.54864 16.109 0.007
2459939.56259 16.130 0.008
2459939.57696 16.110 0.008
2459939.59096 16.119 0.008
2459939.60532 16.089 0.008
2459939.61924 16.093 0.008
2459939.63345 16.093 0.008
2459939.64742 16.094 0.007
2459939.66159 16.068 0.007
2459939.67561 16.072 0.008
2459939.68983 16.068 0.007
2459939.70382 16.070 0.008
2459939.71915 16.089 0.008
2459939.73321 16.083 0.008
2459939.74768 16.087 0.007
2459939.76164 16.068 0.007
2459939.77607 16.062 0.007
2459939.79005 16.086 0.008
2459939.80501 16.087 0.008
2459939.81901 16.099 0.008
2459939.83355 16.104 0.007
2459939.84751 16.118 0.008
2459940.54505 16.172 0.008
2459940.55900 16.179 0.008
2459940.57347 16.205 0.007
2459940.58746 16.217 0.008
2459940.60244 16.271 0.008
2459940.61651 16.286 0.008
2459940.63155 16.308 0.008
2459940.64601 16.325 0.008
2459940.66056 16.317 0.008
2459940.67456 16.321 0.007
2459940.68985 16.303 0.007
2459940.70388 16.290 0.008
2459940.71880 16.257 0.007
2459940.73278 16.232 0.007
2459940.74815 16.198 0.007
2459940.76225 16.186 0.008
2459940.77708 16.174 0.008
2459940.79119 16.153 0.007
2459940.80688 16.152 0.008
2459940.82092 16.159 0.008
2459941.56069 16.054 0.007
2459941.57508 16.053 0.007
2459941.58964 16.051 0.007
2459941.60362 16.061 0.006
2459941.61802 16.050 0.007
2459941.63252 16.064 0.006
2459941.64783 16.074 0.006
2459941.66250 16.090 0.007
2459941.69445 16.093 0.007
2459941.70944 16.125 0.007
2459941.72410 16.121 0.007
2459941.73870 16.136 0.007
2459941.75364 16.141 0.007
2459941.76766 16.150 0.007
2459941.78189 16.182 0.007
2459941.79667 16.181 0.007
2459941.81128 16.195 0.007
2459941.82530 16.225 0.007
2459941.83969 16.254 0.007
2459941.85415 16.285 0.008
2459942.56015 16.265 0.008
2459942.57406 16.221 0.008
2459942.58820 16.224 0.008
2459942.60222 16.191 0.008
2459942.61652 16.169 0.007
2459942.63047 16.153 0.007
2459942.64503 16.142 0.007
2459942.65904 16.135 0.006
2459942.67405 16.136 0.006
2459942.68806 16.120 0.006
2459942.70235 16.121 0.007
2459942.71678 16.106 0.006
2459942.73121 16.097 0.006
2459942.74579 16.097 0.006
2459942.76048 16.080 0.006
2459942.77447 16.094 0.006
2459942.78961 16.074 0.006
2459942.80419 16.089 0.006
2459942.81874 16.093 0.007
2459942.83285 16.077 0.006
2459942.84733 16.084 0.007
2459943.54267 16.069 0.008
2459943.55671 16.080 0.007
2459943.57232 16.076 0.006
2459943.59183 16.085 0.006
2459943.60606 16.089 0.007
2459943.62007 16.089 0.007
2459943.63452 16.113 0.007
2459943.64852 16.108 0.007
2459943.66292 16.134 0.007
2459943.67726 16.133 0.007
2459943.69194 16.171 0.007
2459943.70656 16.169 0.007
2459943.72226 16.208 0.007
2459943.73627 16.238 0.007
2459943.75081 16.247 0.007
2459943.76494 16.260 0.007
2459943.77939 16.285 0.007
2459943.79341 16.269 0.007
2459943.80851 16.274 0.007
2459943.82363 16.274 0.007
2459943.83804 16.254 0.007
2459943.85207 16.226 0.008
2459944.54809 16.160 0.008
2459944.57380 16.125 0.008
2459944.58857 16.117 0.008
2459944.60265 16.113 0.008
2459944.61711 16.088 0.008
2459944.63117 16.094 0.008
2459944.64579 16.079 0.007
2459944.66173 16.071 0.008
2459944.67603 16.070 0.007
2459944.69012 16.080 0.008
2459944.70459 16.044 0.008
2459944.71912 16.056 0.008
2459945.60164 16.225 0.008
2459945.61574 16.252 0.008
2459945.63014 16.272 0.008
2459945.64427 16.297 0.008
2459945.68809 16.311 0.008
2459945.71515 16.299 0.008
2459945.74149 16.280 0.008
2459945.77963 16.197 0.008
2459945.79725 16.173 0.008
2459945.82595 16.130 0.008
2459946.54388 16.055 0.008
2459946.55789 16.040 0.008
2459946.57204 16.045 0.007
2459946.58601 16.041 0.008
2459946.60027 16.034 0.008
2459946.61424 16.054 0.008
2459946.62843 16.076 0.007
2459946.64287 16.089 0.007
2459946.65726 16.074 0.007
2459946.67120 16.072 0.007
2459946.68686 16.083 0.006
2459946.70133 16.089 0.007
2459946.71593 16.104 0.007
2459946.73349 16.115 0.007
2459946.74789 16.116 0.007
2459946.76182 16.117 0.007
2459946.77639 16.168 0.007
2459946.79036 16.170 0.007
2459946.80542 16.159 0.007
2459946.81994 16.204 0.007
2459946.83440 16.237 0.007
2459947.54251 16.231 0.008
2459947.55647 16.248 0.008
2459947.57086 16.225 0.008
2459947.58483 16.238 0.008
2459947.59930 16.219 0.008
2459947.61333 16.206 0.008
2459947.62814 16.176 0.008
2459947.64214 16.175 0.007
2459947.65653 16.152 0.008
2459947.67120 16.148 0.007
2459947.68540 16.128 0.007
2459947.69992 16.116 0.007
2459947.71459 16.124 0.007
2459947.72862 16.114 0.007
2459947.74317 16.099 0.007
2459947.75719 16.077 0.007
2459947.77171 16.089 0.007
2459947.78590 16.096 0.007
2459947.80095 16.114 0.007
2459947.81500 16.082 0.007
2459947.82955 16.108 0.007
2459947.84375 16.084 0.007
2459947.85825 16.099 0.007
2459948.54974 16.046 0.007
2459948.56371 16.056 0.007
2459948.57807 16.060 0.007
2459948.59205 16.078 0.007
2459948.60620 16.083 0.007
2459948.62095 16.088 0.006
2459948.63623 16.099 0.007
2459948.65058 16.127 0.007
2459948.66488 16.129 0.006
2459948.67893 16.126 0.006
2459948.69321 16.136 0.006
2459948.70726 16.166 0.007
2459948.72160 16.169 0.007
2459948.73598 16.195 0.007
2459948.75109 16.243 0.007
2459948.76509 16.235 0.007
2459948.77931 16.276 0.007
2459948.79329 16.269 0.007
2459948.80764 16.298 0.008
2459948.82171 16.280 0.008
2459948.83622 16.286 0.008
2459948.85029 16.253 0.008
2459949.54823 16.130 0.008
2459949.56235 16.149 0.008
2459949.57741 16.130 0.008
2459949.59144 16.137 0.008
2459949.77860 16.097 0.007
2459950.54402 16.114 0.008
2459950.55797 16.130 0.008
2459950.57220 16.171 0.008
2459950.58616 16.176 0.008
2459950.60037 16.216 0.008
2459950.61436 16.234 0.008
2459950.63373 16.267 0.008
2459950.64819 16.297 0.008
2459950.67973 16.331 0.008
2459950.69371 16.332 0.008
2459950.70816 16.316 0.008
2459950.72218 16.304 0.008
2459950.73745 16.276 0.007
2459951.57005 16.055 0.008
2459951.58396 16.076 0.008
2459951.59851 16.037 0.007
2459951.61247 16.043 0.007
2459951.62669 16.060 0.008
2459951.64069 16.068 0.007
2459951.65534 16.067 0.007
2459951.66932 16.064 0.006
2459951.68432 16.094 0.007
2459951.69829 16.092 0.007
2459951.71256 16.106 0.007
2459951.72656 16.109 0.007
2459951.74100 16.106 0.007
2459951.75503 16.123 0.007
2459951.76933 16.143 0.007
2459951.78335 16.137 0.007
2459951.79769 16.144 0.007
2459951.81170 16.152 0.008
2459951.82605 16.196 0.008
2459952.54042 16.229 0.009
2459952.55815 16.245 0.008
2459952.57238 16.222 0.008
2459952.58643 16.260 0.008
2459952.60072 16.209 0.008
2459952.61471 16.230 0.008
2459952.62471 16.189 0.008
2459952.63726 16.188 0.008
2459952.65132 16.173 0.008
2459952.66569 16.164 0.008
2459952.67972 16.148 0.007
2459952.69428 16.142 0.007
2459952.70875 16.130 0.008
2459952.72374 16.140 0.008
2459952.73780 16.113 0.008
2459952.75302 16.114 0.008
2459952.76698 16.115 0.007
2459952.78132 16.096 0.007
2459952.79706 16.089 0.007
2459952.81143 16.085 0.007
2459953.53881 16.073 0.008
2459953.55326 16.063 0.007
2459953.56762 16.073 0.007
2459953.58164 16.059 0.007
2459953.59595 16.068 0.007
2459953.61002 16.075 0.007
2459953.62510 16.093 0.007
2459953.63913 16.085 0.007
2459953.65387 16.110 0.006
2459953.66791 16.112 0.006
2459953.68569 16.119 0.006
2459953.69979 16.143 0.006
2459953.71469 16.161 0.006
2459953.72882 16.151 0.006
2459953.74313 16.202 0.007
2459953.75755 16.225 0.007
2459953.77203 16.236 0.007
2459953.78608 16.259 0.007
2459953.80031 16.247 0.007
2459953.81429 16.281 0.007
2459954.53575 16.207 0.009
2459954.54975 16.147 0.008
2459954.56405 16.152 0.008
2459954.59622 16.139 0.007
2459954.61027 16.115 0.007
2459954.62428 16.111 0.007
2459954.63904 16.094 0.007
2459954.65369 16.128 0.007
2459954.66799 16.099 0.007
2459954.68193 16.080 0.007
2459954.69629 16.078 0.007
2459954.71023 16.073 0.008
2459954.72464 16.077 0.008
2459954.73857 16.074 0.008
2459954.75649 16.087 0.008
2459954.77043 16.085 0.007
2459954.78469 16.066 0.007
2459954.79868 16.076 0.008
2459954.81292 16.080 0.008
2459955.53481 16.124 0.008
2459955.54883 16.113 0.007
2459955.56315 16.146 0.007
2459955.57753 16.138 0.006
2459955.59178 16.162 0.006
2459955.60578 16.185 0.007
2459955.62096 16.211 0.007
2459955.63565 16.236 0.007
2459955.64997 16.272 0.007
2459955.66401 16.288 0.007
2459955.67841 16.314 0.007
2459955.69244 16.304 0.007
2459955.70786 16.323 0.007
2459955.72188 16.312 0.007
2459955.73626 16.314 0.007
2459955.75029 16.285 0.007
2459955.76461 16.268 0.007
2459955.77870 16.250 0.007
2459955.79298 16.225 0.007
2459955.80695 16.195 0.007
2459956.53847 16.070 0.007
2459956.55244 16.070 0.006
2459956.56705 16.068 0.006
2459956.58110 16.076 0.006
2459956.59598 16.068 0.006
2459956.60998 16.072 0.006
2459956.62425 16.065 0.006
2459956.63830 16.065 0.006
2459956.65268 16.062 0.006
2459956.66671 16.083 0.006
2459956.68518 16.080 0.006
2459956.69928 16.083 0.006
2459956.71363 16.091 0.006
2459956.72770 16.115 0.006
2459956.74263 16.116 0.007
2459956.75668 16.113 0.007
2459956.77438 16.142 0.007
2459956.78840 16.145 0.007
2459956.80280 16.150 0.007
2459956.81683 16.174 0.007
2459957.53818 16.249 0.011
2459957.55225 16.234 0.008
2459957.56661 16.236 0.008
2459957.58070 16.264 0.008
2459957.59541 16.265 0.008
2459957.60951 16.237 0.008
2459957.62413 16.230 0.007
2459957.63818 16.216 0.007
2459957.65608 16.200 0.007
2459957.67010 16.186 0.007
2459957.68432 16.156 0.006
2459957.69831 16.148 0.006
2459957.71270 16.125 0.006
2459957.72664 16.130 0.007
2459957.74141 16.126 0.007
2459957.75534 16.122 0.007
2459957.76971 16.134 0.007
2459957.78367 16.118 0.007
2459957.79800 16.088 0.006
2459957.81199 16.086 0.007
2459958.53634 16.066 0.008
2459958.55031 16.058 0.007
2459958.56442 16.059 0.007
2459958.57842 16.060 0.006
2459958.59305 16.074 0.007
2459958.60702 16.087 0.006
2459958.64097 16.088 0.006
2459958.65529 16.106 0.006
2459958.67213 16.113 0.006
2459958.68614 16.133 0.006
2459958.70037 16.120 0.006
2459958.71437 16.141 0.006
2459958.72867 16.152 0.007
2459958.74261 16.167 0.006
2459958.75701 16.194 0.006
2459958.77099 16.213 0.006
2459958.78560 16.234 0.006
2459958.79961 16.259 0.006
2459958.81419 16.279 0.006
2459959.54017 16.224 0.011
2459959.55415 16.203 0.008
2459959.56845 16.169 0.007
2459959.58240 16.155 0.007
2459959.59727 16.151 0.007
2459959.61129 16.145 0.006
2459959.62557 16.133 0.006
2459959.63956 16.117 0.006
2459959.65487 16.116 0.006
2459959.66887 16.099 0.007
2459959.68537 16.110 0.007
2459959.69940 16.095 0.006
2459959.71378 16.083 0.007
2459959.72787 16.093 0.007
2459959.74205 16.076 0.007
2459959.75610 16.063 0.007
2459959.77277 16.083 0.006
2459959.78673 16.080 0.006
2459959.80150 16.093 0.007
2459959.81557 16.096 0.007
2459960.53818 16.106 0.007
2459960.55221 16.122 0.007
2459960.56652 16.131 0.006
2459960.58057 16.140 0.007
2459960.59556 16.159 0.007
2459960.60964 16.175 0.006
2459960.62396 16.182 0.006
2459960.63920 16.230 0.006
2459960.65639 16.253 0.006
2459960.67042 16.283 0.006
2459960.68470 16.310 0.006
2459960.70252 16.347 0.007
2459960.71676 16.324 0.007
2459960.73345 16.329 0.007
2459960.74780 16.323 0.007
2459960.76189 16.285 0.007
2459960.77629 16.277 0.007
2459960.79034 16.250 0.007
2459960.80495 16.225 0.007
2459960.81895 16.196 0.007
2459961.53937 16.080 0.008
2459961.55342 16.084 0.007
2459961.56766 16.080 0.007
2459961.58163 16.056 0.007
2459961.59576 16.072 0.007
2459961.60975 16.082 0.007
2459961.62411 16.060 0.007
2459961.63803 16.070 0.007
2459961.65223 16.060 0.007
2459961.66620 16.067 0.007
2459961.68119 16.074 0.007
2459961.69808 16.067 0.008
2459961.71428 16.082 0.007
2459961.72827 16.093 0.008
2459961.74568 16.109 0.008
2459961.76600 16.136 0.008
2459961.78757 16.154 0.008
2459962.55612 16.229 0.007
2459962.57005 16.256 0.007
2459962.59420 16.226 0.007
2459962.60815 16.250 0.008
2459962.62236 16.264 0.007
2459962.63635 16.234 0.007
2459962.65099 16.217 0.007
2459962.66490 16.206 0.007
2459962.67920 16.178 0.007
2459962.69312 16.189 0.007
2459962.72814 16.146 0.007
2459962.74209 16.148 0.007
2459962.75644 16.136 0.007
2459962.77052 16.098 0.008
2459962.78465 16.124 0.008
2459962.79862 16.119 0.007
2459962.81317 16.087 0.007
2459963.53912 16.056 0.007
2459963.55312 16.055 0.007
2459963.56731 16.057 0.006
2459963.58132 16.061 0.006
2459963.59591 16.075 0.006
2459963.60985 16.062 0.006
2459963.62409 16.073 0.007
2459963.63929 16.091 0.006
2459963.65486 16.099 0.006
2459963.67470 16.114 0.007
2459963.68888 16.112 0.006
2459963.70291 16.129 0.007
2459963.71707 16.143 0.006
2459963.73106 16.166 0.007
2459963.74957 16.183 0.007
2459963.76354 16.203 0.008
2459963.77773 16.209 0.007
2459963.79180 16.247 0.008
2459963.80596 16.257 0.008
2459964.54171 16.231 0.008
2459964.55574 16.221 0.007
2459964.57000 16.198 0.007
2459964.58405 16.128 0.007
2459964.59882 16.154 0.007
2459964.61280 16.155 0.007
2459964.62710 16.153 0.007
2459964.64439 16.126 0.007
2459964.65867 16.120 0.007
2459964.67269 16.136 0.007
2459964.68734 16.126 0.006
2459964.70154 16.118 0.007
2459964.71601 16.098 0.007
2459964.73005 16.086 0.006
2459964.74670 16.059 0.007
2459964.76073 16.097 0.007
2459964.77532 16.075 0.007
2459964.78934 16.121 0.007
2459964.80612 16.088 0.007
2459965.53974 16.092 0.007
2459965.55370 16.117 0.007
2459965.56788 16.120 0.007
2459965.58179 16.124 0.006
2459965.59656 16.144 0.006
2459965.61052 16.157 0.006
2459965.62481 16.168 0.006
2459965.63876 16.200 0.007
2459965.65522 16.223 0.007
2459965.66989 16.264 0.007
2459965.68408 16.279 0.007
2459965.69801 16.310 0.007
2459965.71264 16.340 0.007
2459965.72658 16.344 0.008
2459965.74087 16.341 0.008
2459965.75480 16.330 0.008
2459965.76958 16.315 0.008
2459965.78352 16.294 0.007
2459965.79797 16.297 0.008
2459965.80758 16.251 0.008
2459966.54089 16.086 0.008
2459966.55482 16.079 0.007
2459966.56910 16.092 0.006
2459966.58302 16.082 0.006
2459966.59770 16.086 0.007
2459966.61167 16.080 0.006
2459966.62600 16.069 0.006
2459966.64001 16.078 0.006
2459966.65703 16.077 0.006
2459966.67107 16.061 0.006
2459966.70339 16.088 0.006
2459966.71805 16.084 0.006
2459966.73523 16.093 0.007
2459966.74918 16.113 0.007
2459966.76333 16.113 0.007
2459966.77738 16.120 0.007
2459967.54363 16.179 0.008
2459967.55757 16.195 0.008
2459967.57217 16.237 0.007
2459967.58617 16.245 0.007
2459967.60042 16.259 0.007
2459967.61438 16.251 0.007
2459967.63099 16.248 0.007
2459967.64503 16.242 0.006
2459967.65921 16.213 0.007
2459967.67364 16.207 0.007
2459967.68998 16.206 0.007
2459967.70395 16.180 0.007
2459967.71829 16.164 0.007
2459967.73235 16.143 0.007
2459967.74709 16.130 0.007
2459967.76114 16.147 0.006
2459967.77554 16.136 0.006
2459968.57126 16.083 0.008
2459968.58529 16.068 0.007
2459968.59950 16.075 0.007
2459968.61354 16.067 0.007
2459968.62830 16.075 0.007
2459968.64336 16.076 0.007
2459968.65964 16.112 0.007
2459968.67366 16.098 0.008
2459968.68814 16.120 0.007
2459968.70222 16.120 0.007
2459968.71647 16.128 0.007
2459968.73048 16.143 0.007
2459968.74469 16.161 0.007
2459968.75867 16.179 0.007
2459969.54152 16.272 0.008
2459969.55558 16.242 0.007
2459969.56983 16.236 0.007
2459969.58380 16.194 0.007
2459969.59840 16.162 0.007
2459969.61234 16.180 0.007
2459969.62647 16.141 0.007
2459969.64042 16.125 0.008
2459969.65508 16.149 0.007
2459969.66907 16.129 0.007
2459969.68356 16.114 0.007
2459969.69750 16.109 0.007
2459969.71376 16.106 0.006
2459969.72770 16.117 0.007
2459969.74179 16.110 0.007
2459969.75568 16.100 0.007
2459970.53881 16.101 0.007
2459970.55274 16.096 0.007
2459970.56687 16.111 0.007
2459970.58087 16.115 0.007
2459970.59570 16.136 0.006
2459970.60964 16.136 0.006
2459970.62390 16.139 0.007
2459970.63788 16.176 0.007
2459970.65428 16.181 0.006
2459970.66830 16.231 0.007
2459970.68257 16.248 0.007
2459970.69648 16.268 0.007
2459970.72882 16.341 0.008
2459970.74283 16.319 0.008
2459970.75721 16.359 0.008
2459971.53817 16.103 0.008
2459971.55216 16.103 0.006
2459971.56645 16.096 0.007
2459971.58045 16.080 0.006
2459971.59484 16.078 0.006
2459971.60881 16.073 0.006
2459971.62348 16.078 0.006
2459971.63973 16.072 0.006
2459971.65381 16.054 0.006
2459971.66839 16.077 0.006
2459971.68451 16.064 0.006
2459971.69857 16.072 0.006
2459971.71288 16.078 0.006
2459971.72682 16.091 0.006
2459971.74112 16.088 0.006
2459971.75519 16.086 0.007
2459972.53849 16.157 0.007
2459972.55255 16.183 0.007
2459972.56669 16.197 0.007
2459972.58068 16.220 0.007
2459972.59539 16.252 0.006
2459972.60944 16.274 0.008
2459972.62372 16.268 0.007
2459972.63775 16.251 0.007
2459972.65255 16.252 0.007
2459972.66657 16.252 0.007
2459972.68316 16.219 0.007
2459972.69716 16.218 0.007
2459972.71136 16.197 0.007
2459972.72535 16.188 0.007
2459972.73962 16.174 0.007
2459972.75366 16.138 0.007
2459973.53870 16.057 0.007
2459973.55273 16.070 0.007
2459973.56705 16.082 0.007
2459973.58113 16.062 0.006
2459973.59525 16.070 0.007
2459973.60926 16.092 0.007
2459973.62481 16.069 0.007
2459973.63901 16.081 0.007
2459973.65541 16.082 0.007
2459973.66940 16.094 0.007
2459973.68358 16.089 0.007
2459973.69754 16.098 0.006
2459973.71197 16.121 0.007
2459973.72592 16.129 0.007
2459973.74027 16.136 0.007
2459973.75420 16.159 0.007
2459974.54761 16.300 0.008
2459974.56155 16.269 0.007
2459974.57618 16.245 0.007
2459974.59015 16.229 0.007
2459974.60478 16.199 0.007
2459974.61871 16.186 0.007
2459974.63376 16.155 0.007
2459974.64770 16.158 0.006
2459974.66427 16.149 0.006
2459974.67822 16.120 0.006
2459974.69264 16.132 0.006
2459974.70660 16.104 0.008
2459974.72081 16.107 0.008
2459974.73478 16.108 0.008
2459975.53825 16.092 0.007
2459975.55218 16.098 0.006
2459975.56633 16.106 0.007
2459975.58031 16.114 0.007
2459975.59443 16.108 0.007
2459975.60837 16.120 0.006
2459975.62571 16.150 0.006
2459975.63966 16.160 0.006
2459975.65369 16.165 0.007
2459975.66769 16.202 0.008
2459975.68207 16.204 0.007
2459975.69609 16.281 0.007
2459975.71208 16.245 0.007
2459975.72612 16.346 0.008
2459975.74487 16.341 0.008
2459976.53883 16.120 0.008
2459976.55279 16.096 0.007
2459976.56705 16.090 0.006
2459976.58099 16.096 0.006
2459976.59539 16.086 0.006
2459976.60929 16.090 0.007
2459976.62549 16.074 0.006
2459976.63943 16.094 0.007
2459976.65368 16.061 0.006
2459976.66771 16.078 0.006
2459976.68187 16.088 0.006
2459976.69590 16.089 0.006
2459976.71007 16.084 0.006
2459976.72407 16.072 0.006
2459976.73853 16.091 0.007
2459977.58257 16.209 0.008
2459977.59658 16.230 0.007
2459977.61098 16.245 0.008
2459977.62496 16.238 0.007
2459977.65337 16.255 0.008
2459977.66967 16.269 0.008
2459977.71216 16.227 0.008
2459977.72636 16.197 0.008
2459977.74037 16.197 0.007
2459977.75504 16.194 0.008
2459977.76905 16.178 0.008
2459978.56151 16.068 0.008
2459978.57555 16.067 0.008
2459978.58978 16.057 0.007
2459978.60385 16.060 0.007
2459978.61830 16.063 0.007
2459978.63228 16.092 0.007
2459978.64922 16.092 0.007
2459978.66319 16.111 0.007
2459978.69538 16.098 0.007
2459978.70937 16.116 0.007
2459978.72405 16.152 0.007
2459978.73802 16.166 0.008
2459979.54034 16.320 0.009
2459979.55430 16.330 0.008
2459979.56843 16.270 0.008
2459979.58235 16.273 0.009
2459979.59714 16.219 0.008
2459979.61165 16.201 0.008
2459979.62586 16.195 0.008
2459979.63976 16.191 0.008
2459979.65401 16.160 0.008
2459979.68870 16.151 0.008
2459979.70291 16.139 0.008
2459979.71684 16.138 0.008
2459979.73111 16.120 0.008
2459979.74503 16.113 0.008
2459979.75934 16.138 0.008
2459980.59983 16.120 0.008
2459980.61377 16.145 0.008
2459980.62795 16.160 0.008
2459980.64192 16.150 0.007
2459980.65623 16.155 0.008
2459980.67019 16.216 0.008
2459980.68450 16.198 0.008
2459980.69843 16.257 0.008
2459980.71262 16.298 0.008
2459980.72656 16.321 0.008
2459980.74082 16.352 0.008
2459980.75483 16.385 0.009
2459981.53483 16.131 0.008
2459981.54883 16.122 0.008
2459981.56307 16.109 0.007
2459981.57707 16.101 0.008
2459981.59135 16.119 0.008
2459981.60532 16.114 0.007
2459981.63074 16.101 0.007
2459981.64475 16.095 0.008
2459981.66416 16.105 0.007
2459981.67812 16.086 0.007
2459981.69773 16.068 0.007
2459981.71174 16.096 0.007
2459981.72593 16.081 0.007
2459981.73991 16.100 0.007
2459982.53613 16.155 0.008
2459982.55433 16.153 0.008
2459982.56857 16.163 0.007
2459982.58258 16.198 0.007
2459982.59688 16.211 0.007
2459982.61086 16.203 0.007
2459982.62723 16.269 0.007
2459982.64128 16.250 0.007
2459982.65598 16.258 0.007
2459982.67001 16.284 0.008
2459982.70286 16.237 0.007
2459982.71688 16.234 0.007
2459983.53645 16.077 0.007
2459983.55049 16.086 0.007
2459983.56518 16.071 0.006
2459983.57917 16.059 0.006
2459983.59431 16.040 0.007
2459983.60836 16.077 0.007
2459983.62286 16.067 0.008
2459983.63693 16.091 0.008
2459983.65145 16.082 0.008
2459983.66549 16.076 0.008
2459983.68054 16.083 0.007
2459983.69452 16.096 0.008
2459983.71241 16.125 0.007
2459983.72645 16.124 0.008
2459984.53491 16.299 0.008
2459984.54895 16.326 0.008
2459984.56318 16.306 0.007
2459984.57708 16.267 0.007
2459984.59134 16.281 0.008
2459984.60528 16.249 0.008
2459984.62007 16.223 0.007
2459984.63401 16.197 0.008
2459984.64832 16.161 0.008
2459984.67459 16.141 0.007
2459984.68894 16.145 0.008
2459984.70507 16.133 0.007
2459984.71937 16.149 0.008
2459985.53422 16.086 0.007
2459985.54817 16.078 0.007
2459985.56276 16.103 0.007
2459985.57671 16.107 0.007
2459985.59104 16.109 0.008
2459985.60498 16.124 0.008
2459985.61988 16.135 0.008
2459985.63380 16.165 0.008
2459985.64807 16.153 0.008
2459985.66204 16.151 0.007
2459985.67808 16.192 0.008
2459985.69245 16.215 0.009
2459985.72373 16.274 0.010
2459986.53328 16.148 0.007
2459986.56486 16.134 0.007
2459986.59389 16.104 0.006
2459986.60788 16.109 0.007
2459986.62384 16.109 0.006
2459986.63784 16.104 0.008
2459986.65204 16.096 0.007
2459986.66602 16.102 0.008
2459986.68028 16.088 0.007
2459986.71555 16.069 0.008
2459987.53574 16.104 0.008
2459987.55847 16.111 0.008
2459987.59535 16.194 0.008
2459987.60931 16.226 0.008
2459987.62363 16.230 0.008
2459987.63764 16.252 0.009
2459987.66371 16.274 0.008
2459987.67773 16.241 0.008
2459987.69232 16.298 0.008
2459987.72085 16.279 0.008
2459987.73501 16.254 0.008
2459988.53297 16.107 0.006
2459988.55320 16.083 0.006
2459988.57287 16.077 0.006
2459988.59251 16.077 0.006
2459988.60673 16.061 0.006
2459988.62076 16.077 0.006
2459988.63714 16.072 0.006
2459988.65121 16.082 0.006
2459988.66552 16.080 0.006
2459988.67953 16.090 0.006
2459988.69393 16.086 0.006
2459988.70790 16.099 0.006
2459989.53277 16.298 0.007
2459989.54726 16.320 0.007
2459989.56188 16.335 0.007
2459989.57596 16.309 0.007
2459989.59039 16.328 0.007
2459989.60447 16.279 0.008
2459989.62138 16.266 0.007
2459989.63538 16.246 0.006
2459989.64978 16.207 0.007
2459989.66377 16.185 0.006
2459989.67816 16.167 0.006
2459989.69213 16.172 0.006
2459989.70634 16.153 0.006
2459990.53251 16.085 0.007
2459990.54641 16.065 0.006
2459990.57811 16.087 0.006
2459990.59207 16.094 0.006
2459990.60862 16.118 0.006
2459990.62255 16.139 0.007
2459990.63679 16.105 0.007
2459990.65115 16.151 0.007
2459990.66554 16.163 0.007
2459990.67997 16.155 0.007
2459990.69419 16.182 0.007
2459990.70814 16.213 0.008
2459991.53208 16.166 0.007
2459991.54644 16.150 0.007
2459991.56091 16.135 0.006
2459991.57485 16.121 0.006
2459991.59068 16.126 0.007
2459991.60466 16.137 0.007
2459991.61906 16.106 0.007
2459991.63309 16.109 0.006
2459991.64783 16.100 0.006
2459991.66178 16.084 0.006
2459991.67604 16.097 0.007
2459991.69002 16.089 0.006
2459991.70470 16.090 0.006
2459992.53048 16.117 0.007
2459992.54447 16.127 0.007
2459992.55864 16.139 0.006
2459992.57260 16.136 0.007
2459992.58685 16.146 0.007
2459992.60287 16.184 0.007
2459992.61714 16.189 0.007
2459992.63111 16.248 0.007
2459992.64538 16.253 0.007
2459992.65935 16.269 0.007
2459992.67399 16.264 0.007
2459992.68795 16.313 0.008
2459992.70221 16.302 0.007
2459993.52959 16.098 0.007
2459993.54358 16.117 0.007
2459993.55785 16.088 0.007
2459993.57737 16.087 0.008
2459993.59233 16.084 0.007
2459993.60826 16.094 0.007
2459993.62273 16.079 0.006
2459993.63668 16.093 0.007
2459993.65104 16.082 0.007
2459993.66503 16.114 0.007
2459993.67934 16.104 0.007
2459993.69332 16.069 0.007
2459994.52924 16.322 0.008
2459994.54324 16.311 0.009
2459994.55763 16.342 0.009
2459994.57210 16.321 0.008
2459994.60537 16.317 0.008
2459994.61943 16.291 0.008
2459994.63368 16.266 0.008
2459994.64763 16.257 0.007
2459994.66196 16.221 0.007
2459994.67598 16.215 0.008
2459994.69030 16.176 0.007
2459995.52562 16.068 0.006
2459995.54573 16.079 0.006
2459995.56547 16.097 0.007
2459995.58648 16.089 0.006
2459995.60291 16.116 0.006
2459995.61691 16.118 0.006
2459995.63125 16.118 0.006
2459995.64529 16.128 0.006
2459995.66003 16.133 0.006
2459995.67423 16.178 0.006
2459995.68854 16.166 0.006
2459996.52990 16.187 0.008
2459996.54638 16.160 0.007
2459996.56320 16.152 0.007
2459996.59024 16.149 0.007
2459996.60452 16.132 0.007
2459996.62716 16.100 0.007
2459997.52340 16.094 0.006
2459997.53733 16.108 0.006
2459997.55327 16.126 0.006
2459997.56732 16.133 0.006
2459997.58219 16.141 0.006
2459997.59620 16.147 0.006
2459997.61036 16.170 0.007
2459997.62477 16.199 0.007
2459997.63948 16.218 0.007
2459997.65349 16.249 0.007
2459997.66788 16.235 0.007
2459997.68236 16.271 0.007
2459998.52114 16.119 0.007
2459998.55318 16.096 0.007
2459998.56797 16.113 0.007
2459998.58625 16.089 0.007
2459998.60287 16.087 0.006
2459998.61685 16.089 0.006
2459998.63126 16.086 0.007
2459998.64524 16.083 0.006
2459998.66001 16.088 0.006
2459998.67405 16.091 0.007
2459999.52119 16.242 0.008
2459999.53591 16.277 0.008
2459999.55022 16.313 0.008
2459999.56427 16.318 0.008
2459999.58083 16.356 0.007
2459999.59480 16.344 0.008
2459999.60912 16.334 0.007
2459999.62361 16.322 0.007
2459999.63839 16.295 0.007
2459999.65235 16.267 0.007
2459999.66657 16.252 0.007
2459999.68057 16.225 0.007
2460000.52846 16.073 0.008
2460000.54275 16.069 0.008
2460000.55703 16.084 0.008
2460000.57139 16.069 0.008
2460000.59814 16.128 0.008
2460001.51784 16.263 0.009
2460001.54069 16.206 0.008
2460001.55780 16.195 0.008
2460001.58118 16.156 0.007
2460001.60012 16.152 0.007
2460001.61426 16.176 0.007
2460001.63952 16.105 0.007
2460001.66216 16.119 0.008
2460002.51720 16.083 0.007
2460002.53814 16.090 0.006
2460002.55750 16.114 0.007
2460002.57688 16.115 0.007
2460002.60810 16.153 0.007
2460002.62215 16.199 0.008
2460002.63682 16.181 0.007
2460002.65120 16.241 0.008
2460002.66546 16.290 0.008
2460003.51653 16.139 0.007
2460003.53091 16.133 0.006
2460003.54541 16.124 0.006
2460003.55951 16.112 0.006
2460003.57552 16.114 0.007
2460003.59011 16.096 0.006
2460003.60463 16.086 0.006
2460003.61894 16.102 0.006
2460003.63356 16.079 0.006
2460003.64755 16.088 0.006
2460003.66237 16.091 0.006
2460004.51504 16.209 0.008
2460004.52899 16.222 0.007
2460004.54332 16.260 0.007
2460004.55727 16.280 0.007
2460004.57167 16.292 0.007
2460004.58613 16.328 0.007
2460004.60061 16.346 0.007
2460004.61460 16.334 0.008
2460004.62921 16.326 0.008
2460004.64318 16.314 0.007
2460004.65750 16.288 0.007
2460005.51093 16.086 0.008
2460005.52491 16.082 0.007
2460005.54465 16.086 0.007
2460005.55864 16.079 0.007
2460005.57296 16.076 0.006
2460005.58695 16.073 0.006
2460005.60132 16.086 0.006
2460005.61531 16.115 0.007
2460005.62971 16.100 0.007
2460005.64462 16.110 0.007
2460005.65874 16.129 0.007
2460006.50907 16.233 0.008
2460006.52308 16.247 0.007
2460006.53755 16.226 0.007
2460006.55778 16.192 0.007
2460006.59199 16.165 0.007
2460006.60600 16.145 0.007
2460006.62047 16.124 0.006
2460006.63445 16.124 0.006
2460006.64882 16.114 0.007
2460006.66283 16.114 0.007
2460007.51792 16.072 0.007
2460007.53192 16.101 0.007
2460007.54623 16.111 0.007
2460007.56107 16.119 0.007
2460007.57612 16.127 0.007
2460007.59094 16.129 0.007
2460007.60752 16.157 0.007
2460007.62297 16.146 0.007
2460007.63724 16.183 0.007
2460007.65125 16.190 0.008
2460008.51090 16.131 0.008
2460008.52494 16.143 0.007
2460008.53918 16.123 0.006
2460008.55322 16.110 0.006
2460008.56735 16.121 0.006
2460008.58145 16.113 0.007
2460008.59568 16.095 0.007
2460008.60965 16.099 0.007
2460008.62384 16.080 0.007
2460008.63792 16.085 0.007
2460008.65218 16.101 0.007
2460009.51526 16.191 0.008
2460009.52932 16.215 0.007
2460009.54856 16.237 0.007
2460009.56261 16.267 0.008
2460009.58238 16.315 0.008
2460009.59702 16.312 0.008
2460009.61586 16.345 0.008
2460009.62989 16.360 0.008
2460009.64435 16.364 0.008
2460010.50055 16.093 0.013
2460010.51532 16.072 0.008
2460010.52962 16.088 0.008
2460010.54424 16.086 0.008
2460010.57591 16.073 0.007
2460010.59514 16.106 0.008
2460010.61702 16.105 0.008
2460010.63105 16.067 0.007
2460010.64535 16.096 0.008
2460011.50842 16.279 0.008
2460011.52289 16.254 0.008
2460011.53713 16.260 0.008
2460011.55116 16.242 0.008
2460011.56537 16.210 0.008
2460011.57935 16.201 0.007
2460011.59433 16.171 0.007
2460011.60827 16.183 0.007
2460011.62252 16.095 0.007
2460011.63648 16.162 0.007
2460012.51026 16.070 0.007
2460012.52419 16.089 0.006
2460012.53866 16.079 0.006
2460012.55268 16.104 0.007
2460012.56703 16.101 0.007
2460012.58101 16.122 0.007
2460012.59536 16.125 0.007
2460012.60930 16.132 0.007
2460012.62360 16.166 0.007
2460012.63757 16.155 0.007
2460013.52345 16.167 0.008
2460013.53746 16.149 0.008
2460013.55189 16.151 0.008
2460013.56591 16.142 0.008
2460013.58029 16.108 0.007
2460013.59433 16.102 0.007
2460013.60866 16.117 0.007
2460013.62264 16.092 0.007
2460013.63692 16.091 0.006
2460014.50515 16.198 0.010
2460014.53007 16.186 0.008
2460014.54457 16.204 0.008
2460014.55862 16.234 0.008
2460014.59105 16.296 0.008
2460014.60510 16.335 0.008
2460014.61937 16.355 0.008
2460014.63338 16.381 0.008
2460015.50501 16.103 0.008
2460015.51911 16.087 0.008
2460015.53339 16.092 0.007
2460015.54739 16.089 0.007
2460015.56160 16.077 0.007
2460015.57570 16.086 0.007
2460015.58992 16.090 0.007
2460015.60395 16.080 0.007
2460015.61815 16.095 0.007
2460015.63220 16.118 0.007
2460016.51142 16.274 0.008
2460016.52549 16.266 0.007
2460016.54447 16.263 0.007
2460016.55899 16.247 0.007
2460016.57789 16.223 0.007
2460016.59199 16.199 0.007
2460016.61050 16.216 0.008
2460016.62462 16.173 0.007
2460016.63894 16.167 0.007
2460016.65295 16.150 0.007
2460017.50948 16.060 0.006
2460017.52212 16.067 0.006
2460017.53800 16.091 0.006
2460017.55202 16.097 0.007
2460017.56726 16.093 0.006
2460017.58132 16.109 0.006
2460017.59583 16.109 0.006
2460017.60995 16.161 0.006
2460017.62449 16.123 0.006
2460017.63861 16.151 0.006
2460017.65299 16.141 0.006
2460017.66510 16.199 0.007
2460018.51309 16.176 0.007
2460018.52762 16.165 0.007
2460018.54208 16.153 0.006
2460018.55659 16.148 0.006
2460018.58855 16.135 0.006
2460018.60252 16.130 0.006
2460018.61673 16.111 0.006
2460018.63155 16.109 0.006
2460018.64564 16.104 0.007
2460018.65958 16.075 0.006
2460019.50606 16.141 0.006
2460019.52003 16.148 0.006
2460019.53448 16.184 0.006
2460019.55220 16.199 0.007
2460019.56677 16.225 0.007
2460019.58193 16.248 0.006
2460019.59971 16.290 0.007
2460019.61461 16.299 0.006
2460019.62931 16.339 0.006
2460019.64328 16.345 0.007
2460019.65742 16.372 0.007
2460019.67134 16.361 0.007
2460020.50748 16.080 0.007
2460020.52146 16.078 0.007
2460020.53602 16.088 0.006
2460020.55001 16.081 0.007
2460020.56440 16.092 0.007
2460020.57838 16.079 0.007
2460020.59276 16.070 0.007
2460020.60677 16.131 0.007
2460020.62119 16.098 0.008
2460020.63518 16.075 0.007
2460021.50821 16.263 0.008
2460021.52226 16.281 0.008
2460021.53744 16.262 0.007
2460021.55148 16.261 0.007
2460021.56570 16.242 0.007
2460021.57968 16.270 0.008
2460021.59388 16.224 0.007
2460021.60788 16.194 0.007
2460022.50009 16.070 0.007
2460022.51469 16.072 0.006
2460022.54642 16.095 0.007
2460022.56046 16.097 0.006
2460022.57481 16.111 0.007
2460022.58887 16.112 0.007
2460022.60332 16.116 0.007
2460022.61734 16.131 0.007
2460023.50755 16.217 0.007
2460023.52316 16.195 0.007
2460023.54179 16.163 0.007
2460023.55581 16.166 0.007
2460023.57472 16.149 0.008
2460023.58908 16.149 0.008
2460023.60759 16.106 0.008
2460024.58146 16.231 0.007
2460024.59555 16.240 0.007
2460024.60996 16.281 0.007
2460025.49912 16.103 0.008
2460025.51326 16.101 0.007
2460025.52756 16.083 0.007
2460025.54162 16.110 0.007
2460025.55636 16.093 0.006
2460025.57039 16.070 0.006
2460025.58498 16.077 0.006
2460025.59908 16.108 0.006
2460025.61337 16.097 0.006
2460026.51676 16.256 0.008
2460026.53077 16.292 0.008
2460026.54504 16.279 0.008
2460026.55912 16.276 0.008
2460026.59319 16.261 0.009
2460027.50387 16.076 0.007
2460027.51788 16.066 0.007
2460027.53297 16.084 0.007
2460027.54694 16.105 0.007
2460027.56152 16.077 0.007
2460027.57580 16.101 0.007
2460027.59028 16.109 0.008
2460027.60427 16.120 0.007
2460028.50956 16.241 0.008
2460028.52349 16.207 0.009
2460028.54604 16.200 0.008
2460028.56000 16.174 0.008
2460028.57455 16.185 0.008
2460029.50316 16.106 0.008
2460029.51743 16.126 0.008
2460029.53251 16.154 0.008
2460029.58011 16.206 0.008
2460030.49898 16.109 0.008
2460030.51290 16.088 0.007
2460030.52699 16.112 0.007
2460030.54119 16.092 0.007
2460030.57260 16.064 0.007
2460030.58684 16.096 0.007
2460030.60095 16.065 0.007
2460030.61606 16.084 0.007
2460031.50092 16.215 0.008
2460031.51491 16.251 0.007
2460031.54265 16.252 0.007
2460031.55662 16.289 0.007
2460031.57111 16.285 0.007
2460031.58510 16.279 0.007
2460031.59931 16.280 0.007
2460032.49496 16.079 0.006
2460032.50894 16.069 0.006
2460032.52321 16.077 0.006
2460032.53718 16.088 0.006
2460032.55166 16.087 0.006
2460032.56570 16.079 0.006
2460032.58032 16.094 0.007
2460032.59438 16.099 0.006
2460033.49388 16.281 0.008
2460033.50829 16.263 0.007
2460033.52283 16.251 0.007
2460033.53682 16.216 0.006
2460033.55096 16.206 0.007
2460033.56504 16.179 0.007
2460033.57913 16.176 0.007
2460033.59309 16.129 0.007
2460034.49099 16.120 0.008
2460034.50506 16.139 0.008
2460034.52267 16.133 0.008
2460034.53672 16.149 0.008
2460034.56597 16.172 0.008
2460034.57994 16.186 0.008
2460035.48993 16.116 0.007
2460035.50398 16.112 0.007
2460035.53339 16.106 0.006
2460035.54741 16.097 0.008
2460035.56447 16.094 0.007
2460035.57859 16.090 0.007
2460036.49107 16.167 0.007
2460036.50521 16.204 0.007
2460036.53369 16.260 0.009
2460036.54831 16.277 0.008
2460036.56271 16.287 0.008
2460037.49033 16.083 0.006
2460037.50429 16.086 0.007
2460037.51856 16.074 0.006
2460037.53262 16.085 0.006
2460037.54731 16.078 0.006
2460037.56136 16.081 0.006
2460037.57575 16.089 0.007
2460037.58985 16.118 0.006
2460038.48911 16.302 0.009
2460038.50964 16.281 0.008
2460039.48763 16.111 0.008
2460039.50193 16.109 0.007
2460039.51614 16.127 0.007
2460039.53013 16.127 0.007
2460039.54450 16.135 0.008
2460039.55848 16.144 0.008
2460039.57265 16.124 0.008
2460040.48844 16.141 0.008
2460040.50311 16.134 0.008
2460040.51712 16.114 0.007
2460040.53109 16.109 0.007
2460040.54507 16.107 0.007
2460040.55898 16.111 0.007
2460040.57493 16.102 0.007
2460041.49170 16.165 0.008
2460041.50568 16.217 0.008
2460041.54019 16.245 0.008
2460041.57259 16.276 0.008
2460041.58693 16.295 0.008
2460042.49239 16.093 0.007
2460042.50637 16.077 0.007
2460042.52032 16.079 0.007
2460042.53427 16.073 0.006
2460042.54852 16.098 0.007
2460042.56247 16.075 0.008
2460043.49329 16.333 0.008
2460043.50727 16.318 0.007
2460043.53853 16.281 0.007
2460043.55246 16.266 0.007
2460043.56684 16.241 0.008
2460044.49232 16.096 0.006
2460044.50628 16.102 0.006
2460044.52362 16.122 0.006
2460044.53759 16.116 0.006
2460044.55406 16.145 0.006
2460044.56804 16.148 0.006
2460045.49029 16.148 0.007
2460045.50429 16.138 0.007
2460045.51947 16.155 0.007
2460045.53348 16.139 0.008
2460045.55322 16.118 0.007
2460045.56720 16.132 0.007
2460046.48539 16.150 0.007
2460046.49939 16.160 0.007
2460046.51582 16.192 0.007
2460046.52986 16.211 0.007
2460046.54380 16.236 0.007
2460046.55782 16.231 0.007
2460047.49275 16.088 0.007
2460047.51186 16.084 0.007
2460047.52821 16.097 0.008
2460047.54453 16.089 0.007
2460047.55936 16.098 0.007
2460048.50059 16.314 0.008
2460048.51463 16.333 0.008
2460048.53094 16.294 0.008
2460048.54494 16.301 0.008
2460048.55929 16.264 0.008
2460048.57322 16.253 0.008
2460049.52467 16.117 0.007
2460049.54000 16.116 0.007
2460049.55546 16.136 0.007
2460050.48093 16.156 0.008
2460050.49530 16.161 0.008
2460050.51100 16.144 0.008
2460050.52496 16.149 0.008
2460050.54020 16.152 0.008
2460050.55419 16.132 0.007
2460051.48158 16.148 0.008
2460051.49557 16.155 0.008
2460051.53529 16.181 0.008
2460051.54925 16.214 0.008
2460053.49033 16.334 0.009
2460053.50493 16.354 0.009
2460053.52048 16.354 0.009
2460053.53449 16.309 0.008
2460053.54884 16.370 0.008
2460053.56290 16.323 0.008
2460054.48713 16.082 0.007
2460054.50112 16.100 0.007
2460054.51541 16.105 0.008
2460054.52940 16.125 0.008
2460054.54356 16.117 0.007
2460054.55753 16.116 0.008
2460057.51113 16.114 0.007
2460057.52514 16.104 0.007
2460057.54317 16.103 0.008
2460058.48132 16.329 0.008
2460058.49742 16.329 0.008
2460058.51218 16.365 0.009
2460058.52614 16.379 0.008
2460058.54028 16.385 0.008
2460058.55422 16.349 0.008
2460059.47649 16.108 0.008
2460059.49197 16.064 0.008
2460059.50644 16.099 0.008
2460059.52034 16.119 0.008
2460060.48016 16.197 0.008
2460060.49418 16.189 0.008
2460060.50859 16.160 0.007
2460060.52256 16.155 0.007
2460061.48823 16.117 0.007
2460061.50223 16.144 0.007
2460061.51670 16.163 0.007
2460061.53068 16.154 0.007
2460061.54563 16.169 0.007
2460062.47511 16.147 0.007
2460062.48905 16.128 0.007
2460062.50322 16.132 0.007
2460062.51719 16.119 0.007
2460062.53140 16.095 0.007
2460062.54544 16.096 0.007
2460063.47618 16.271 0.008
2460063.49019 16.293 0.008
2460063.50419 16.304 0.007
2460063.51810 16.345 0.008
2460063.53253 16.348 0.008
2460063.54653 16.380 0.009
2460064.51738 16.110 0.008
2460064.53137 16.107 0.008
2460067.49072 16.171 0.008
2460072.48002 16.146 0.008
2460076.48149 16.100 0.008
2460158.93321 16.191 0.008
2460181.90348 16.126 0.008
2460186.88797 16.079 0.008
2460200.88921 16.234 0.008
2460202.82045 16.181 0.008
2460202.83310 16.191 0.008
2460202.84605 16.152 0.008
2460202.85868 16.136 0.008
2460202.87158 16.137 0.008
2460202.88418 16.159 0.008
2460202.89698 16.139 0.008
2460202.90956 16.145 0.008
2460203.83410 16.142 0.008
2460203.84671 16.147 0.008
2460203.85969 16.155 0.008
2460203.87232 16.164 0.008
2460203.88513 16.189 0.008
2460203.89776 16.210 0.008
2460204.83627 16.074 0.008
2460204.84887 16.073 0.008
2460204.86232 16.064 0.008
2460204.87497 16.070 0.008
2460204.88784 16.057 0.008
2460204.90043 16.059 0.008
2460206.85780 16.076 0.008
2460206.87041 16.066 0.008
2460206.88335 16.067 0.008
2460206.89600 16.072 0.008
2460208.80591 16.106 0.008
2460208.81858 16.099 0.008
2460208.83407 16.128 0.008
2460208.85358 16.147 0.008
2460208.86644 16.148 0.008
2460208.89219 16.196 0.009
2460208.90506 16.221 0.010
2460209.81988 16.089 0.009
2460209.83308 16.086 0.008
2460209.84567 16.084 0.008
2460209.86805 16.029 0.008
2460209.88097 16.093 0.008
2460209.89393 16.086 0.008
2460210.77212 16.156 0.008
2460210.78484 16.166 0.008
2460210.79776 16.176 0.008
2460210.81041 16.200 0.008
2460210.82327 16.216 0.008
2460210.83590 16.244 0.008
2460210.84872 16.240 0.008
2460210.86233 16.258 0.008
2460210.87518 16.276 0.009
2460210.88791 16.252 0.008
2460210.90082 16.226 0.008
2460211.79041 16.055 0.008
2460211.80367 16.066 0.008
2460211.82356 16.071 0.008
2460211.83615 16.046 0.008
2460211.84904 16.052 0.007
2460211.86162 16.056 0.008
2460211.87449 16.075 0.008
2460211.88713 16.076 0.008
2460211.90005 16.083 0.008
2460212.80752 16.285 0.009
2460212.82006 16.246 0.009
2460212.83295 16.208 0.008
2460212.84555 16.203 0.008
2460212.86739 16.164 0.008
2460212.87997 16.158 0.008
2460212.89270 16.158 0.008
2460213.81597 16.109 0.009
2460213.89720 16.169 0.010
2460214.80425 16.126 0.010
2460214.81265 16.101 0.010
2460214.81967 16.095 0.009
2460214.83225 16.089 0.009
2460214.84530 16.082 0.008
2460214.85788 16.085 0.008
2460214.88305 16.061 0.008
2460214.89564 16.064 0.009
2460215.81330 16.183 0.010
2460215.82589 16.173 0.009
2460215.83892 16.197 0.010
2460215.85153 16.214 0.008
2460215.86447 16.244 0.009
2460216.77665 16.065 0.008
2460216.78930 16.066 0.009
2460216.80231 16.066 0.009
2460216.81535 16.052 0.008
2460216.82999 16.074 0.009
2460216.84346 16.067 0.008
2460216.85609 16.060 0.009
2460216.86888 16.066 0.009
2460216.88145 16.075 0.009
2460216.89424 16.071 0.009
2460217.78637 16.316 0.010
2460217.79899 16.288 0.009
2460217.81190 16.310 0.011
2460217.82446 16.285 0.010
2460217.85024 16.228 0.009
2460217.86285 16.207 0.008
2460217.87569 16.193 0.009
2460217.88831 16.174 0.008
2460218.78753 16.082 0.009
2460218.80012 16.089 0.008
2460218.81312 16.098 0.008
2460218.82568 16.088 0.009
2460218.83851 16.095 0.008
2460218.85117 16.133 0.008
2460218.86413 16.120 0.008
2460218.87679 16.159 0.009
2460219.79839 16.110 0.010
2460219.80472 16.108 0.009
2460219.81823 16.099 0.009
2460219.83083 16.088 0.009
2460219.84396 16.078 0.008
2460219.85662 16.083 0.008
2460219.86952 16.088 0.009
2460221.79754 16.074 0.008
2460221.81133 16.060 0.008
2460221.82795 16.043 0.008
2460221.84059 16.046 0.008
2460221.85327 16.058 0.008
2460221.86600 16.069 0.008
2460221.87866 16.075 0.008
2460222.77629 16.320 0.011
2460222.78895 16.296 0.009
2460222.81356 16.295 0.009
2460223.80745 16.086 0.009
2460223.82007 16.085 0.009
2460223.83374 16.096 0.009
2460223.84632 16.106 0.009
2460223.87386 16.129 0.009
2460223.88655 16.130 0.009
2460224.76492 16.160 0.010
2460224.77766 16.149 0.009
2460224.79411 16.127 0.009
2460224.80688 16.115 0.009
2460224.82118 16.109 0.008
2460224.83380 16.114 0.009
2460224.84433 16.110 0.008
2460224.86831 16.096 0.010
2460224.88154 16.075 0.009
2460225.76297 16.125 0.009
2460225.77560 16.100 0.008
2460225.78826 16.108 0.008
2460225.80885 16.120 0.008
2460225.82142 16.154 0.008
2460225.85417 16.194 0.008
2460225.86680 16.215 0.008
2460225.87980 16.230 0.010
2460226.74372 16.106 0.008
2460226.75632 16.086 0.008
2460226.77466 16.080 0.008
2460226.78726 16.081 0.008
2460226.80013 16.057 0.008
2460226.81282 16.062 0.008
2460226.82571 16.068 0.008
2460226.83830 16.062 0.008
2460226.85133 16.073 0.008
2460226.86390 16.064 0.008
2460226.87679 16.065 0.008
2460227.75786 16.265 0.009
2460227.77048 16.285 0.009
2460227.78331 16.289 0.009
2460227.79591 16.308 0.009
2460227.80997 16.317 0.008
2460227.82255 16.311 0.008
2460227.83612 16.303 0.008
2460227.84871 16.302 0.008
2460227.86188 16.272 0.008
2460227.87449 16.255 0.008
2460228.75602 16.054 0.008
2460228.76863 16.068 0.008
2460228.78433 16.053 0.008
2460228.79694 16.073 0.009
2460228.81110 16.072 0.008
2460228.82372 16.085 0.008
2460228.83832 16.107 0.008
2460228.85089 16.119 0.008
2460228.86920 16.115 0.008
2460228.88184 16.131 0.008
2460229.73440 16.245 0.009
2460229.74697 16.220 0.008
2460229.75990 16.184 0.008
2460229.77251 16.154 0.008
2460229.78970 16.138 0.008
2460229.80239 16.128 0.008
2460229.81577 16.135 0.008
2460229.82917 16.101 0.008
2460229.84244 16.102 0.008
2460229.85504 16.066 0.008
2460229.86805 16.098 0.008
2460229.88065 16.082 0.008
2460230.73968 16.086 0.008
2460230.75078 16.119 0.008
2460230.76341 16.070 0.008
2460230.79355 16.111 0.008
2460230.80629 16.131 0.008
2460230.81953 16.153 0.008
2460230.83225 16.167 0.008
2460230.84536 16.175 0.008
2460230.85805 16.183 0.009
2460230.87343 16.196 0.008
2460231.74326 16.108 0.008
2460231.75590 16.097 0.008
2460231.77200 16.094 0.008
2460231.78465 16.080 0.008
2460231.79758 16.093 0.008
2460231.81025 16.080 0.008
2460231.82323 16.086 0.008
2460231.83592 16.078 0.008
2460231.84913 16.082 0.008
2460231.86185 16.070 0.008
2460231.87471 16.076 0.008
2460232.71198 16.154 0.008
2460232.72458 16.178 0.008
2460232.73805 16.188 0.008
2460232.75065 16.231 0.008
2460232.76364 16.227 0.008
2460232.77628 16.262 0.008
2460232.78910 16.291 0.008
2460232.80275 16.285 0.008
2460232.82820 16.306 0.008
2460232.84107 16.303 0.008
2460232.85360 16.274 0.008
2460235.87387 16.206 0.009
2460237.72240 16.150 0.008
2460237.73505 16.174 0.008
2460237.74839 16.204 0.008
2460237.75889 16.202 0.008
2460237.77159 16.241 0.008
2460237.78527 16.265 0.009
2460237.79785 16.291 0.009
2460237.83979 16.315 0.008
2460237.85230 16.323 0.008
2460238.75166 16.055 0.008
2460238.76426 16.058 0.008
2460238.77778 16.042 0.008
2460238.79041 16.058 0.008
2460238.80337 16.059 0.008
2460238.81597 16.071 0.008
2460238.82965 16.079 0.008
2460238.84230 16.085 0.008
2460238.85514 16.099 0.008
2460238.86770 16.107 0.009
2460239.70428 16.231 0.008
2460239.71687 16.229 0.009
2460239.72986 16.226 0.010
2460239.74247 16.238 0.008
2460239.75545 16.229 0.008
2460239.76812 16.218 0.008
2460239.78163 16.204 0.008
2460239.79431 16.177 0.008
2460239.80722 16.172 0.008
2460239.81985 16.158 0.008
2460239.83328 16.168 0.008
2460239.84680 16.131 0.008
2460240.83542 16.132 0.008
2460240.84803 16.135 0.008
2460240.86108 16.138 0.008
2460240.87372 16.151 0.008
2460241.73913 16.128 0.008
2460241.75497 16.120 0.009
2460241.76769 16.133 0.009
2460241.78845 16.094 0.009
2460241.80106 16.115 0.008
2460241.81385 16.102 0.008
2460241.82649 16.096 0.008
2460242.72582 16.148 0.008
2460242.73839 16.149 0.008
2460242.75139 16.170 0.008
2460242.76400 16.198 0.008
2460242.77713 16.226 0.008
2460242.78978 16.237 0.008
2460242.80273 16.267 0.008
2460242.81544 16.301 0.008
2460242.82901 16.304 0.008
2460242.84161 16.311 0.008
2460242.85457 16.324 0.008
2460242.86796 16.328 0.008
2460243.71822 16.074 0.009
2460243.73085 16.071 0.008
2460243.74389 16.036 0.008
2460243.75648 16.048 0.008
2460243.76947 16.070 0.008
2460243.78206 16.061 0.008
2460243.79497 16.082 0.009
2460243.80748 16.079 0.008
2460243.82041 16.073 0.008
2460243.83301 16.086 0.008
2460243.84582 16.094 0.008
2460243.85836 16.084 0.008
2460243.87140 16.094 0.008
2460244.71255 16.222 0.010
2460244.72514 16.240 0.010
2460244.73794 16.238 0.010
2460244.75049 16.245 0.010
2460244.76651 16.227 0.011
2460244.77976 16.238 0.010
2460244.79255 16.232 0.010
2460244.80511 16.193 0.009
2460244.81969 16.203 0.009
2460244.83226 16.179 0.009
2460244.84569 16.145 0.009
2460244.85834 16.153 0.009
2460244.87123 16.141 0.009
2460245.79170 16.088 0.009
2460245.80518 16.103 0.009
2460245.81775 16.106 0.009
2460245.84008 16.145 0.011
2460245.85310 16.138 0.009
2460245.86564 16.169 0.008
2460247.60943 16.073 0.009
2460247.62201 16.076 0.008
2460247.63595 16.073 0.008
2460247.64858 16.059 0.008
2460247.66175 16.076 0.008
2460247.67439 16.086 0.008
2460247.68778 16.106 0.008
2460247.70033 16.123 0.008
2460247.71529 16.139 0.008
2460247.72792 16.126 0.008
2460247.74093 16.150 0.008
2460247.75351 16.143 0.008
2460248.73467 16.072 0.008
2460248.74945 16.063 0.008
2460248.76258 16.055 0.008
2460248.77524 16.061 0.008
2460248.78816 16.060 0.008
2460248.80082 16.057 0.008
2460248.81392 16.067 0.008
2460248.82660 16.054 0.008
2460248.84166 16.085 0.008
2460248.85487 16.059 0.008
2460248.86775 16.076 0.008
2460250.71808 16.061 0.008
2460250.73079 16.057 0.008
2460250.74449 16.075 0.008
2460250.75720 16.061 0.008
2460250.77158 16.076 0.008
2460250.78420 16.081 0.008
2460250.80014 16.088 0.008
2460250.81283 16.101 0.009
2460250.82631 16.093 0.008
2460250.83901 16.115 0.008
2460250.85199 16.117 0.008
2460250.86469 16.147 0.008
2460251.73993 16.160 0.010
2460251.75261 16.144 0.009
2460251.76685 16.168 0.010
2460251.77960 16.134 0.009
2460251.79293 16.143 0.009
2460251.80555 16.149 0.010
2460251.81867 16.119 0.010
2460251.83139 16.140 0.009
2460251.84926 16.114 0.009
2460251.86196 16.096 0.009
2460252.67403 16.089 0.008
2460252.68743 16.092 0.008
2460252.70018 16.128 0.008
2460252.71274 16.114 0.008
2460252.74054 16.140 0.008
2460252.75309 16.145 0.008
2460252.76863 16.160 0.008
2460252.78122 16.178 0.008
2460252.79411 16.196 0.008
2460252.80668 16.223 0.008
2460252.82058 16.247 0.009
2460252.83320 16.284 0.009
2460252.84656 16.298 0.009
2460252.85915 16.317 0.008
2460253.68034 16.112 0.010
2460253.69288 16.118 0.009
2460253.70636 16.115 0.008
2460253.71894 16.076 0.008
2460253.73224 16.086 0.008
2460253.74479 16.074 0.009
2460253.75836 16.089 0.008
2460253.77100 16.060 0.008
2460253.78427 16.093 0.009
2460253.79689 16.068 0.008
2460253.81043 16.071 0.008
2460253.82300 16.084 0.008
2460253.83675 16.075 0.008
2460253.84935 16.085 0.008
2460253.86215 16.087 0.010
2460254.70217 16.200 0.008
2460254.71487 16.222 0.008
2460254.72815 16.244 0.008
2460254.74083 16.239 0.009
2460254.75413 16.264 0.008
2460254.76673 16.254 0.008
2460254.78026 16.267 0.008
2460254.79300 16.234 0.008
2460254.80623 16.238 0.008
2460254.81887 16.223 0.008
2460254.83256 16.214 0.009
2460254.84528 16.190 0.008
2460254.85907 16.182 0.008
2460255.67368 16.064 0.009
2460255.69345 16.086 0.008
2460255.70612 16.061 0.008
2460255.72069 16.065 0.008
2460255.73334 16.064 0.008
2460255.74702 16.053 0.008
2460255.75959 16.072 0.007
2460255.77295 16.078 0.008
2460255.78556 16.081 0.007
2460255.79856 16.066 0.007
2460255.81115 16.098 0.008
2460255.82478 16.100 0.008
2460255.83753 16.103 0.008
2460255.85108 16.116 0.008
2460255.86547 16.119 0.008
2460256.69767 16.267 0.008
2460256.71027 16.251 0.008
2460256.72307 16.213 0.008
2460256.73568 16.198 0.008
2460256.74895 16.185 0.008
2460256.76154 16.147 0.008
2460256.77443 16.134 0.008
2460256.78711 16.138 0.008
2460256.80068 16.126 0.008
2460256.81343 16.134 0.008
2460256.82625 16.125 0.008
2460256.83892 16.121 0.008
2460256.85240 16.093 0.008
2460256.86507 16.128 0.009
2460259.66469 16.120 0.008
2460259.77977 16.271 0.009
2460259.79232 16.260 0.009
2460259.80760 16.270 0.008
2460259.82015 16.239 0.009
2460259.83347 16.234 0.008
2460259.84604 16.203 0.008
2460259.85890 16.216 0.008
2460260.66279 16.076 0.009
2460260.67542 16.063 0.008
2460260.68886 16.070 0.008
2460260.70140 16.067 0.008
2460260.71490 16.060 0.008
2460260.72753 16.059 0.008
2460260.74063 16.087 0.008
2460260.75329 16.069 0.008
2460260.76688 16.086 0.008
2460260.80990 16.085 0.008
2460260.82249 16.082 0.008
2460260.84896 16.119 0.008
2460260.86149 16.121 0.008
2460261.66175 16.320 0.009
2460261.67435 16.336 0.010
2460261.69643 16.312 0.009
2460261.70907 16.275 0.008
2460261.72325 16.275 0.009
2460261.73583 16.239 0.008
2460261.75182 16.206 0.008
2460261.76446 16.183 0.008
2460261.77764 16.174 0.008
2460261.79025 16.166 0.008
2460261.80397 16.160 0.008
2460261.81651 16.127 0.008
2460261.82947 16.130 0.008
2460261.84211 16.123 0.008
2460261.85591 16.131 0.008
2460264.76873 16.243 0.008
2460264.78135 16.255 0.008
2460264.79648 16.277 0.008
2460264.80911 16.278 0.008
2460264.83560 16.231 0.008
2460264.84827 16.226 0.008
2460265.66628 16.076 0.009
2460265.68176 16.060 0.008
2460265.69452 16.053 0.008
2460265.70721 16.052 0.008
2460265.72101 16.043 0.008
2460265.73370 16.050 0.008
2460265.74701 16.062 0.008
2460265.75971 16.057 0.008
2460265.77253 16.068 0.008
2460265.78521 16.055 0.008
2460265.79898 16.073 0.008
2460265.81163 16.086 0.008
2460265.83063 16.083 0.008
2460265.84327 16.077 0.008
2460265.85642 16.116 0.008
2460266.62792 16.250 0.009
2460266.64123 16.282 0.009
2460266.65420 16.321 0.009
2460266.66765 16.284 0.009
2460266.68054 16.286 0.009
2460266.69322 16.291 0.008
2460266.70654 16.310 0.008
2460266.71920 16.276 0.008
2460266.73270 16.277 0.008
2460266.74537 16.250 0.008
2460266.76598 16.190 0.008
2460266.77856 16.177 0.008
2460266.79237 16.169 0.008
2460266.80492 16.159 0.008
2460266.81827 16.152 0.008
2460266.83085 16.145 0.008
2460266.84413 16.137 0.008
2460266.85672 16.130 0.008
2460267.62676 16.099 0.009
2460267.63935 16.068 0.008
2460267.65223 16.056 0.008
2460267.66482 16.075 0.008
2460267.67832 16.062 0.008
2460267.69088 16.081 0.008
2460267.70368 16.088 0.008
2460267.71624 16.081 0.008
2460267.72945 16.090 0.007
2460267.74205 16.102 0.008
2460267.75612 16.116 0.007
2460267.76875 16.129 0.008
2460267.78209 16.138 0.008
2460267.79463 16.148 0.008
2460267.80825 16.145 0.007
2460267.82083 16.171 0.007
2460267.83434 16.190 0.008
2460267.84697 16.234 0.008
2460267.85979 16.251 0.008
2460268.65849 16.134 0.008
2460268.67116 16.129 0.008
2460268.68435 16.116 0.008
2460268.69704 16.125 0.008
2460268.71068 16.102 0.008
2460268.72644 16.108 0.008
2460268.73943 16.103 0.008
2460268.75200 16.098 0.008
2460268.76547 16.095 0.008
2460268.77820 16.095 0.008
2460268.79146 16.101 0.008
2460268.80403 16.090 0.008
2460268.81685 16.070 0.008
2460268.82954 16.071 0.008
2460268.84238 16.071 0.008
2460268.85504 16.065 0.008
2460269.61687 16.099 0.008
2460269.62952 16.083 0.008
2460269.64295 16.087 0.008
2460269.65563 16.090 0.008
2460269.66893 16.102 0.008
2460269.68231 16.107 0.008
2460269.69587 16.138 0.008
2460269.70859 16.142 0.008
2460269.72193 16.163 0.008
2460269.73468 16.182 0.008
2460269.74757 16.192 0.008
2460269.76027 16.213 0.008
2460269.77375 16.235 0.008
2460269.78649 16.257 0.008
2460269.79941 16.264 0.008
2460269.81266 16.260 0.008
2460269.82567 16.265 0.008
2460269.83839 16.267 0.008
2460269.85135 16.248 0.008
2460270.62366 16.111 0.008
2460270.63695 16.113 0.009
2460270.65011 16.086 0.008
2460270.66274 16.082 0.008
2460270.67619 16.070 0.008
2460270.68887 16.077 0.008
2460270.70181 16.070 0.008
2460270.71441 16.065 0.008
2460270.72794 16.068 0.008
2460270.74054 16.057 0.008
2460270.75382 16.056 0.008
2460270.76642 16.062 0.008
2460270.77976 16.061 0.007
2460270.79230 16.065 0.008
2460270.80528 16.062 0.007
2460270.81785 16.078 0.008
2460270.83132 16.079 0.007
2460270.84390 16.088 0.007
2460270.85700 16.089 0.008
2460271.62129 16.237 0.008
2460271.63397 16.226 0.010
2460271.64702 16.252 0.009
2460271.66182 16.304 0.011
2460271.67578 16.291 0.009
2460271.68837 16.317 0.009
2460271.70168 16.314 0.008
2460271.71434 16.302 0.008
2460271.72770 16.292 0.008
2460271.74031 16.277 0.008
2460271.75316 16.240 0.008
2460271.76584 16.228 0.008
2460271.77926 16.222 0.008
2460271.79188 16.199 0.008
2460271.80458 16.171 0.008
2460271.81712 16.161 0.008
2460271.83028 16.170 0.008
2460271.84290 16.138 0.008
2460271.85589 16.099 0.008
2460272.68346 16.082 0.009
2460272.69606 16.072 0.008
2460272.70951 16.085 0.008
2460272.72210 16.089 0.009
2460272.73479 16.098 0.010
2460272.74744 16.103 0.008
2460272.76184 16.111 0.008
2460272.77447 16.118 0.008
2460272.78722 16.138 0.008
2460272.79979 16.137 0.008
2460272.81503 16.152 0.009
2460272.82769 16.171 0.008
2460272.84042 16.177 0.008
2460272.85314 16.205 0.010
2460273.67693 16.149 0.008
2460273.68997 16.136 0.008
2460273.70356 16.137 0.008
2460273.71615 16.120 0.008
2460273.73047 16.108 0.008
2460273.74312 16.120 0.008
2460273.75601 16.118 0.008
2460273.76986 16.105 0.008
2460273.78312 16.096 0.008
2460273.79761 16.091 0.008
2460273.81390 16.087 0.008
2460273.82735 16.071 0.008
2460273.85015 16.076 0.008
2460274.62085 16.065 0.008
2460274.63348 16.078 0.008
2460274.64990 16.088 0.008
2460274.66561 16.087 0.008
2460274.67941 16.120 0.008
2460274.69204 16.123 0.008
2460274.70492 16.119 0.008
2460274.72092 16.138 0.008
2460274.73469 16.155 0.008
2460274.74742 16.178 0.008
2460274.76032 16.200 0.008
2460274.77293 16.216 0.008
2460274.78673 16.235 0.008
2460274.79937 16.264 0.008
2460274.81220 16.273 0.008
2460274.82483 16.259 0.008
2460274.83756 16.270 0.008
2460274.85018 16.270 0.008
2460275.62583 16.102 0.008
2460275.63839 16.102 0.008
2460275.65119 16.074 0.008
2460275.66376 16.109 0.008
2460275.67653 16.087 0.008
2460275.68908 16.101 0.008
2460275.70184 16.089 0.008
2460275.73787 16.075 0.008
2460275.75061 16.066 0.008
2460275.76315 16.075 0.008
2460275.77589 16.074 0.008
2460275.78843 16.066 0.008
2460275.80126 16.079 0.008
2460275.81380 16.066 0.008
2460275.82659 16.087 0.008
2460275.83911 16.101 0.008
2460275.85198 16.089 0.008
2460276.60016 16.162 0.008
2460276.61271 16.153 0.008
2460276.62559 16.198 0.008
2460276.63817 16.217 0.008
2460276.65176 16.241 0.008
2460276.66437 16.265 0.008
2460276.67839 16.271 0.008
2460276.69097 16.300 0.009
2460276.70413 16.317 0.008
2460276.72060 16.327 0.009
2460276.73714 16.312 0.008
2460276.74974 16.299 0.009
2460276.76250 16.277 0.008
2460276.77551 16.261 0.008
2460276.78949 16.226 0.008
2460276.80212 16.206 0.008
2460276.81522 16.170 0.008
2460276.82780 16.182 0.008
2460276.84063 16.153 0.008
2460276.85330 16.148 0.008
2460277.63918 16.044 0.008
2460277.65173 16.047 0.008
2460277.66467 16.063 0.008
2460277.67732 16.052 0.008
2460277.69035 16.065 0.008
2460277.70304 16.077 0.008
2460277.71614 16.078 0.008
2460277.72882 16.083 0.008
2460277.74014 16.097 0.008
2460277.75276 16.103 0.008
2460277.76578 16.106 0.008
2460277.77836 16.117 0.008
2460277.79171 16.137 0.008
2460277.80438 16.153 0.008
2460277.81743 16.147 0.008
2460277.83005 16.155 0.008
2460277.84303 16.177 0.008
2460277.85577 16.200 0.008
2460278.63304 16.210 0.008
2460278.64572 16.201 0.009
2460278.65853 16.181 0.008
2460278.67115 16.182 0.008
2460278.68400 16.147 0.008
2460278.69660 16.141 0.008
2460278.71227 16.140 0.008
2460278.72502 16.134 0.008
2460278.73805 16.136 0.008
2460278.75083 16.123 0.008
2460278.76377 16.117 0.008
2460278.77773 16.110 0.008
2460278.79060 16.096 0.008
2460278.80328 16.094 0.007
2460278.81661 16.089 0.008
2460278.82924 16.088 0.008
2460278.84204 16.097 0.008
2460278.85468 16.078 0.008
2460279.63340 16.078 0.008
2460279.64595 16.082 0.008
2460279.65870 16.084 0.008
2460279.67121 16.106 0.008
2460279.68389 16.109 0.008
2460279.69640 16.127 0.008
2460279.70919 16.132 0.008
2460279.72177 16.147 0.008
2460279.73494 16.160 0.008
2460279.74750 16.178 0.008
2460279.78054 16.226 0.008
2460279.79309 16.239 0.008
2460279.80634 16.253 0.008
2460279.81894 16.248 0.008
2460279.83169 16.274 0.008
2460279.84421 16.285 0.009
2460279.85710 16.279 0.010
2460280.63115 16.131 0.008
2460280.64371 16.099 0.008
2460280.65647 16.100 0.008
2460280.66908 16.091 0.008
2460280.68183 16.085 0.008
2460280.69440 16.104 0.008
2460280.70718 16.092 0.008
2460280.71979 16.091 0.008
2460280.73258 16.103 0.008
2460280.74522 16.101 0.008
2460280.75798 16.078 0.008
2460280.77060 16.087 0.008
2460280.78328 16.087 0.008
2460280.79592 16.075 0.008
2460280.81185 16.064 0.008
2460280.82449 16.081 0.008
2460280.83727 16.077 0.008
2460280.84985 16.103 0.008
2460281.63064 16.178 0.008
2460281.64334 16.216 0.008
2460281.65633 16.221 0.008
2460281.66896 16.253 0.008
2460281.68174 16.278 0.008
2460281.69440 16.296 0.008
2460281.70723 16.316 0.009
2460281.71983 16.319 0.008
2460281.73264 16.284 0.008
2460281.74534 16.297 0.008
2460281.77141 16.289 0.008
2460281.78409 16.249 0.008
2460281.79686 16.236 0.008
2460281.80943 16.227 0.008
2460281.82219 16.206 0.008
2460281.83489 16.180 0.008
2460281.85348 16.164 0.008
2460282.63528 16.064 0.008
2460282.64800 16.052 0.007
2460282.66091 16.051 0.007
2460282.67356 16.061 0.007
2460282.68675 16.064 0.008
2460282.69940 16.079 0.008
2460282.71239 16.074 0.008
2460282.72506 16.088 0.008
2460282.73783 16.089 0.008
2460282.75051 16.118 0.008
2460282.76340 16.106 0.008
2460282.77616 16.109 0.008
2460282.78906 16.123 0.008
2460282.80221 16.117 0.008
2460282.81500 16.126 0.008
2460282.82768 16.157 0.008
2460282.84052 16.162 0.008
2460282.85321 16.178 0.008
2460283.63086 16.237 0.008
2460283.64353 16.209 0.008
2460283.65676 16.213 0.008
2460283.66934 16.216 0.008
2460283.68241 16.185 0.008
2460283.69498 16.171 0.008
2460283.70843 16.162 0.008
2460283.72097 16.139 0.008
2460283.73398 16.133 0.008
2460283.74662 16.128 0.008
2460283.75971 16.120 0.008
2460283.77225 16.122 0.008
2460283.78498 16.113 0.008
2460283.79765 16.108 0.008
2460283.81055 16.121 0.008
2460283.82375 16.109 0.008
2460283.83637 16.097 0.008
2460283.84894 16.095 0.008
2460284.60545 16.071 0.008
2460284.61803 16.077 0.008
2460284.63105 16.070 0.008
2460284.64362 16.067 0.008
2460284.65636 16.076 0.008
2460284.66902 16.097 0.008
2460284.68211 16.107 0.008
2460284.69473 16.096 0.008
2460284.70762 16.114 0.008
2460284.72015 16.141 0.008
2460284.73351 16.135 0.008
2460284.74613 16.142 0.008
2460284.75878 16.154 0.008
2460284.77133 16.180 0.008
2460284.78438 16.187 0.008
2460284.79695 16.222 0.008
2460284.80981 16.243 0.008
2460284.82240 16.245 0.008
2460284.83523 16.274 0.008
2460284.84967 16.284 0.009
2460285.61920 16.123 0.008
2460285.63180 16.125 0.008
2460285.64470 16.116 0.008
2460285.65819 16.118 0.007
2460285.73604 16.080 0.007
2460285.74871 16.073 0.007
2460285.76151 16.062 0.007
2460285.77413 16.069 0.007
2460285.78694 16.065 0.007
2460285.79954 16.067 0.007
2460285.81232 16.067 0.007
2460285.82491 16.082 0.007
2460285.83776 16.076 0.008
2460285.85037 16.092 0.008
2460286.60687 16.139 0.008
2460286.61955 16.131 0.008
2460286.63235 16.161 0.008
2460286.64507 16.176 0.008
2460286.65944 16.219 0.008
2460286.67486 16.231 0.008
2460286.68762 16.265 0.008
2460286.70023 16.293 0.008
2460286.71322 16.302 0.008
2460286.72585 16.335 0.008
2460286.74278 16.316 0.008
2460286.75542 16.330 0.008
2460286.76813 16.304 0.008
2460286.77066 16.307 0.008
2460286.78338 16.302 0.008
2460286.79614 16.266 0.008
2460286.80886 16.262 0.008
2460286.82176 16.239 0.008
2460286.83441 16.219 0.008
2460286.84720 16.196 0.008
2460287.59694 16.066 0.008
2460287.60959 16.039 0.008
2460287.62250 16.051 0.008
2460287.63510 16.055 0.008
2460287.64785 16.067 0.008
2460287.66041 16.082 0.008
2460287.67329 16.057 0.008
2460287.68589 16.086 0.008
2460287.69871 16.071 0.008
2460287.71130 16.087 0.008
2460287.72410 16.093 0.008
2460287.73673 16.086 0.008
2460287.74947 16.101 0.008
2460287.76204 16.097 0.008
2460287.77483 16.116 0.008
2460287.78741 16.108 0.008
2460287.80020 16.127 0.008
2460287.81274 16.121 0.008
2460287.82788 16.149 0.009
2460287.84042 16.162 0.008
2460287.85320 16.164 0.008
2460288.59512 16.228 0.008
2460288.60772 16.255 0.008
2460288.62054 16.233 0.008
2460288.63311 16.230 0.008
2460288.64597 16.236 0.008
2460288.67047 16.243 0.008
2460288.68330 16.224 0.008
2460288.69589 16.205 0.008
2460288.70862 16.191 0.008
2460288.72121 16.173 0.007
2460288.74597 16.146 0.008
2460288.75881 16.142 0.007
2460288.77148 16.123 0.007
2460288.78565 16.118 0.007
2460288.79829 16.120 0.007
2460288.81142 16.114 0.007
2460288.82399 16.119 0.008
2460288.83657 16.111 0.008
2460288.84928 16.102 0.007
2460289.64305 16.065 0.008
2460289.65565 16.073 0.008
2460289.67050 16.080 0.008
2460289.68313 16.088 0.007
2460289.69605 16.097 0.007
2460289.70871 16.114 0.007
2460289.72159 16.113 0.008
2460289.73430 16.112 0.008
2460289.74712 16.120 0.008
2460289.75980 16.136 0.008
2460289.77574 16.156 0.008
2460289.82243 16.220 0.008
2460289.84366 16.252 0.010
2460289.85637 16.280 0.010
2460290.59898 16.176 0.008
2460290.61157 16.158 0.008
2460290.62460 16.141 0.008
2460290.63725 16.121 0.007
2460290.65008 16.128 0.007
2460290.66273 16.131 0.008
2460290.67788 16.113 0.008
2460290.69052 16.111 0.008
2460290.70338 16.102 0.008
2460290.71598 16.091 0.008
2460290.72877 16.085 0.008
2460290.74142 16.084 0.007
2460290.75422 16.091 0.007
2460290.76691 16.074 0.007
2460290.77986 16.072 0.007
2460290.79310 16.080 0.008
2460290.80591 16.070 0.008
2460290.81847 16.080 0.008
2460290.83204 16.093 0.008
2460290.84757 16.089 0.008
2460291.63063 16.151 0.007
2460291.64537 16.143 0.007
2460291.67052 16.184 0.008
2460291.68310 16.221 0.008
2460291.69583 16.262 0.008
2460291.70837 16.267 0.008
2460291.72111 16.300 0.008
2460291.73374 16.302 0.008
2460291.74679 16.321 0.008
2460291.75941 16.321 0.008
2460291.77221 16.324 0.008
2460291.78668 16.304 0.008
2460291.79928 16.281 0.008
2460291.81185 16.289 0.008
2460291.82461 16.249 0.008
2460291.83716 16.235 0.008
2460291.85014 16.206 0.008
2460292.61488 16.082 0.008
2460292.62749 16.075 0.008
2460292.64039 16.050 0.007
2460292.65300 16.045 0.008
2460292.67389 16.040 0.008
2460292.70504 16.055 0.008
2460292.72639 16.065 0.008
2460292.74076 16.084 0.008
2460292.75426 16.058 0.008
2460292.77055 16.105 0.007
2460293.64991 16.245 0.007
2460293.66249 16.239 0.007
2460293.67543 16.232 0.008
2460293.68803 16.221 0.007
2460293.70227 16.197 0.007
2460293.70462 16.187 0.007
2460293.71722 16.182 0.007
2460293.73008 16.168 0.007
2460293.74263 16.154 0.008
2460293.75547 16.163 0.008
2460293.76808 16.133 0.008
2460293.78087 16.131 0.008
2460293.79345 16.125 0.008
2460293.80657 16.137 0.008
2460293.81910 16.120 0.007
2460293.83166 16.106 0.008
2460293.84425 16.117 0.008
2460293.85713 16.102 0.008
2460294.60608 16.054 0.008
2460294.61868 16.079 0.008
2460294.63424 16.081 0.007
2460294.65128 16.061 0.007
2460294.66417 16.083 0.007
2460294.67677 16.084 0.007
2460294.68988 16.094 0.007
2460294.70249 16.104 0.007
2460294.71541 16.089 0.007
2460294.72798 16.121 0.008
2460294.74264 16.115 0.007
2460294.75529 16.116 0.007
2460294.76817 16.157 0.008
2460294.78082 16.155 0.008
2460294.79372 16.150 0.008
2460294.80631 16.172 0.008
2460294.81911 16.219 0.008
2460294.83168 16.222 0.009
2460294.85424 16.231 0.009
2460295.64460 16.122 0.008
2460295.66793 16.100 0.008
2460295.68078 16.115 0.008
2460295.69354 16.113 0.007
2460295.70646 16.108 0.008
2460295.71919 16.091 0.008
2460295.73223 16.101 0.008
2460295.74490 16.096 0.008
2460295.75789 16.073 0.008
2460295.77055 16.084 0.008
2460295.78350 16.073 0.008
2460295.79614 16.085 0.008
2460295.80895 16.084 0.008
2460295.83319 16.097 0.008
2460295.84783 16.113 0.008
2460295.86062 16.091 0.008
2460296.64604 16.139 0.007
2460296.65865 16.161 0.007
2460296.67187 16.179 0.007
2460296.68442 16.187 0.007
2460296.69698 16.214 0.007
2460296.70956 16.247 0.007
2460296.72257 16.273 0.008
2460296.73517 16.282 0.008
2460296.74800 16.320 0.008
2460296.76122 16.326 0.008
2460296.77398 16.333 0.008
2460296.78661 16.343 0.008
2460296.79934 16.329 0.008
2460296.81195 16.317 0.008
2460296.82465 16.324 0.008
2460296.83727 16.265 0.008
2460296.85210 16.235 0.008
2460297.64194 16.070 0.008
2460297.65457 16.065 0.008
2460297.66740 16.061 0.008
2460297.68002 16.066 0.008
2460297.69277 16.060 0.008
2460297.70540 16.047 0.008
2460297.71818 16.081 0.008
2460297.73089 16.064 0.008
2460297.74368 16.077 0.008
2460297.75631 16.086 0.008
2460297.76923 16.103 0.008
2460297.78185 16.100 0.008
2460297.79480 16.095 0.008
2460297.80742 16.091 0.008
2460297.82108 16.099 0.008
2460297.83376 16.118 0.008
2460297.84696 16.151 0.009
2460297.85960 16.176 0.010
2460298.60977 16.220 0.009
2460298.62238 16.231 0.008
2460298.63524 16.248 0.009
2460298.64788 16.245 0.009
2460298.66085 16.277 0.009
2460298.67344 16.253 0.008
2460298.70387 16.225 0.008
2460298.71644 16.220 0.008
2460298.72925 16.190 0.008
2460298.74190 16.192 0.008
2460298.75469 16.161 0.008
2460298.76731 16.156 0.008
2460298.78025 16.136 0.008
2460298.79288 16.133 0.008
2460298.80565 16.127 0.008
2460298.81832 16.131 0.008
2460298.83160 16.121 0.008
2460298.84424 16.113 0.008
2460298.85698 16.119 0.008
2460299.61245 16.061 0.008
2460299.62508 16.058 0.008
2460299.63790 16.060 0.008
2460299.65055 16.062 0.008
2460299.66334 16.071 0.008
2460299.67601 16.071 0.008
2460299.68901 16.089 0.008
2460299.70167 16.088 0.008
2460299.71519 16.096 0.008
2460299.72786 16.114 0.008
2460299.75312 16.120 0.008
2460299.76576 16.138 0.008
2460299.77879 16.136 0.008
2460299.79142 16.172 0.008
2460299.80490 16.172 0.008
2460299.81740 16.186 0.008
2460299.83013 16.202 0.008
2460299.84268 16.247 0.009
2460299.85542 16.266 0.010
2460300.60998 16.216 0.008
2460300.62252 16.188 0.008
2460300.63576 16.188 0.008
2460300.64837 16.164 0.008
2460300.66110 16.141 0.008
2460300.67363 16.131 0.008
2460300.68684 16.135 0.008
2460300.69942 16.129 0.008
2460300.71219 16.113 0.008
2460300.72474 16.108 0.008
2460300.73752 16.101 0.008
2460300.75004 16.100 0.008
2460300.76337 16.095 0.008
2460300.77588 16.091 0.008
2460300.78869 16.083 0.008
2460300.80128 16.097 0.008
2460300.81403 16.089 0.008
2460300.82658 16.102 0.008
2460300.83948 16.079 0.008
2460300.85203 16.087 0.009
2460301.56803 16.076 0.008
2460301.58071 16.085 0.008
2460301.59399 16.099 0.008
2460301.60656 16.118 0.008
2460301.61956 16.120 0.008
2460301.63220 16.124 0.008
2460301.64512 16.127 0.008
2460301.65769 16.143 0.008
2460301.68712 16.182 0.008
2460301.69973 16.203 0.008
2460301.71254 16.227 0.008
2460301.72556 16.240 0.008
2460301.73839 16.276 0.008
2460301.75096 16.320 0.008
2460301.76416 16.339 0.008
2460301.77708 16.349 0.008
2460301.79004 16.344 0.008
2460301.80261 16.338 0.008
2460301.81601 16.332 0.008
2460301.82864 16.288 0.008
2460301.84144 16.322 0.008
2460301.85411 16.291 0.008
2460302.61776 16.101 0.008
2460302.63039 16.074 0.007
2460302.64323 16.055 0.008
2460302.65591 16.071 0.008
2460302.66876 16.065 0.008
2460302.68170 16.056 0.008
2460302.69499 16.075 0.008
2460302.70854 16.075 0.008
2460302.72131 16.076 0.007
2460302.73436 16.083 0.008
2460302.74736 16.072 0.008
2460302.76001 16.078 0.008
2460302.77343 16.084 0.008
2460302.78604 16.105 0.008
2460302.79879 16.094 0.008
2460302.81144 16.107 0.008
2460302.82424 16.121 0.008
2460302.83696 16.119 0.008
2460302.84982 16.146 0.008
2460302.86255 16.143 0.009
2460303.61261 16.200 0.008
2460303.62526 16.229 0.008
2460303.63835 16.230 0.008
2460303.65102 16.259 0.008
2460303.66389 16.257 0.008
2460303.67660 16.263 0.008
2460303.69019 16.269 0.008
2460303.70283 16.260 0.008
2460303.71607 16.242 0.008
2460303.73052 16.220 0.008
2460305.70807 16.144 0.008
2460305.72060 16.128 0.009
2460305.73331 16.113 0.009
2460305.75373 16.121 0.008
2460305.76648 16.121 0.008
2460305.77909 16.098 0.008
2460305.79244 16.109 0.008
2460305.80500 16.116 0.009
2460305.81781 16.098 0.009
2460307.57742 16.094 0.008
2460307.60621 16.113 0.008
2460308.58485 16.143 0.008
2460308.59956 16.161 0.008
2460308.61452 16.189 0.008
2460308.62710 16.202 0.008
2460308.64004 16.240 0.008
2460308.65263 16.255 0.008
2460308.66331 16.267 0.008
2460308.67585 16.248 0.008
2460308.69004 16.274 0.008
2460308.70400 16.286 0.009
2460308.72610 16.243 0.010
2460309.59889 16.067 0.007
2460309.61149 16.055 0.008
2460309.62448 16.062 0.008
2460309.63708 16.068 0.008
2460309.64995 16.077 0.008
2460309.66257 16.064 0.009
2460309.67587 16.075 0.008
2460309.68848 16.071 0.008
2460309.70127 16.088 0.008
2460309.71389 16.089 0.008
2460309.74057 16.098 0.008
2460309.76475 16.113 0.009
2460309.78147 16.123 0.009
2460309.79404 16.141 0.009
2460309.80701 16.182 0.008
2460309.81964 16.172 0.008
2460309.83234 16.217 0.009
2460310.57611 16.332 0.008
2460310.58870 16.302 0.008
2460310.60309 16.277 0.008
2460310.61575 16.260 0.008
2460310.62855 16.251 0.008
2460310.64113 16.226 0.008
2460310.65452 16.208 0.008
2460310.66713 16.191 0.008
2460310.68004 16.179 0.007
2460310.69265 16.167 0.008
2460310.70552 16.147 0.007
2460310.71813 16.156 0.008
2460310.73165 16.127 0.008
2460310.74428 16.141 0.008
2460310.75712 16.137 0.008
2460310.76979 16.121 0.008
2460310.78267 16.129 0.008
2460310.79529 16.121 0.008
2460310.80809 16.094 0.008
2460310.82069 16.123 0.008
2460311.57614 16.078 0.008
2460311.58877 16.073 0.007
2460311.60201 16.074 0.008
2460311.61467 16.098 0.008
2460311.62768 16.104 0.007
2460311.64066 16.118 0.007
2460311.65396 16.130 0.008
2460311.66652 16.126 0.008
2460311.67976 16.143 0.008
2460311.69235 16.146 0.008
2460311.70524 16.168 0.008
2460311.71779 16.201 0.008
2460311.73159 16.226 0.008
2460311.74418 16.238 0.008
2460311.75691 16.278 0.008
2460311.76947 16.284 0.008
2460311.78590 16.313 0.008
2460311.79842 16.325 0.008
2460311.81108 16.345 0.008
2460311.82366 16.349 0.009
2460312.60253 16.115 0.008
2460312.61512 16.114 0.008
2460312.62779 16.096 0.008
2460312.64036 16.077 0.008
2460312.65315 16.086 0.008
2460312.66609 16.089 0.008
2460312.67935 16.083 0.007
2460312.69194 16.079 0.008
2460312.70463 16.078 0.007
2460312.71720 16.091 0.008
2460312.73009 16.086 0.008
2460312.74264 16.085 0.008
2460312.75582 16.067 0.008
2460312.76840 16.081 0.008
2460312.78117 16.077 0.008
2460312.79382 16.098 0.008
2460312.80658 16.090 0.008
2460312.81913 16.099 0.008
2460313.57667 16.130 0.008
2460313.58934 16.111 0.007
2460313.60222 16.150 0.008
2460313.61482 16.157 0.008
2460313.62769 16.189 0.008
2460313.64026 16.199 0.008
2460313.65416 16.228 0.008
2460313.66678 16.240 0.008
2460313.67964 16.254 0.008
2460313.69216 16.255 0.008
2460313.70549 16.255 0.008
2460313.71803 16.273 0.008
2460313.73119 16.247 0.008
2460313.74377 16.256 0.008
2460313.75663 16.232 0.008
2460313.76957 16.207 0.008
2460313.78238 16.196 0.008
2460313.79495 16.180 0.008
2460313.80763 16.159 0.008
2460314.57472 16.068 0.007
2460314.58763 16.050 0.007
2460314.60045 16.059 0.007
2460314.61303 16.053 0.007
2460314.62586 16.055 0.007
2460314.63890 16.058 0.007
2460314.65247 16.081 0.007
2460314.66544 16.057 0.007
2460314.67866 16.076 0.007
2460314.69133 16.075 0.007
2460314.70421 16.091 0.007
2460314.71680 16.082 0.008
2460314.73019 16.089 0.008
2460314.74274 16.092 0.008
2460314.75557 16.101 0.007
2460314.76818 16.122 0.007
2460314.78100 16.129 0.008
2460314.79368 16.137 0.008
2460314.80656 16.149 0.008
2460314.81925 16.148 0.008
2460315.57518 16.322 0.008
2460315.58811 16.298 0.008
2460315.60102 16.299 0.008
2460315.61362 16.277 0.008
2460315.62650 16.259 0.008
2460315.63912 16.247 0.008
2460315.65259 16.238 0.008
2460315.66517 16.210 0.008
2460315.67816 16.195 0.008
2460315.69075 16.172 0.007
2460315.70347 16.164 0.007
2460315.71596 16.171 0.007
2460315.73230 16.142 0.007
2460315.74511 16.133 0.007
2460315.75826 16.149 0.008
2460315.77084 16.122 0.008
2460315.78353 16.116 0.008
2460315.79613 16.122 0.007
2460315.80883 16.128 0.007
2460316.54740 16.045 0.007
2460316.55998 16.050 0.008
2460316.57311 16.052 0.008
2460316.58566 16.063 0.008
2460316.59858 16.061 0.007
2460316.61116 16.090 0.008
2460316.62451 16.095 0.008
2460316.63706 16.115 0.008
2460316.64980 16.126 0.008
2460316.66236 16.128 0.008
2460316.67511 16.145 0.008
2460316.68770 16.153 0.008
2460316.70096 16.151 0.008
2460316.71358 16.184 0.007
2460316.72646 16.181 0.008
2460316.73909 16.216 0.008
2460316.75191 16.204 0.008
2460316.76453 16.258 0.008
2460316.77739 16.275 0.008
2460316.79000 16.317 0.008
2460316.80272 16.339 0.008
2460317.59148 16.136 0.008
2460317.60617 16.116 0.008
2460317.61889 16.089 0.008
2460317.63154 16.094 0.008
2460317.64421 16.092 0.008
2460317.66498 16.113 0.009
2460317.67840 16.103 0.008
2460317.69139 16.071 0.008
2460317.70506 16.096 0.008
2460317.71906 16.116 0.008
2460317.73258 16.077 0.008
2460317.74570 16.097 0.008
2460318.57218 16.107 0.008
2460318.58491 16.112 0.008
2460318.59768 16.115 0.008
2460318.61707 16.147 0.009
2460318.63222 16.174 0.009
2460318.64498 16.205 0.008
2460318.66141 16.212 0.008
2460318.67408 16.252 0.008
2460318.68710 16.261 0.008
2460318.69977 16.269 0.008
2460318.71330 16.274 0.008
2460318.72597 16.269 0.008
2460318.73960 16.296 0.008
2460318.75225 16.263 0.008
2460318.76524 16.255 0.009
2460318.77819 16.256 0.009
2460318.79102 16.219 0.008
2460318.80377 16.213 0.008
2460319.58933 16.084 0.008
2460319.60211 16.063 0.008
2460319.61499 16.065 0.008
2460319.62761 16.062 0.008
2460319.64062 16.068 0.008
2460319.65336 16.070 0.008
2460319.66673 16.077 0.008
2460319.67940 16.062 0.007
2460319.69240 16.079 0.007
2460319.70501 16.069 0.008
2460319.71793 16.082 0.008
2460319.73051 16.106 0.008
2460319.74328 16.108 0.008
2460319.76457 16.123 0.008
2460319.77796 16.105 0.008
2460319.79061 16.120 0.008
2460320.61817 16.317 0.008
2460320.63069 16.296 0.008
2460320.64348 16.280 0.008
2460320.65604 16.254 0.008
2460320.66900 16.231 0.008
2460320.68296 16.197 0.008
2460320.69598 16.182 0.008
2460320.71006 16.171 0.008
2460320.72610 16.159 0.008
2460320.73871 16.162 0.008
2460320.75262 16.160 0.008
2460320.76518 16.140 0.008
2460320.77786 16.126 0.008
2460320.79039 16.152 0.008
2460320.80330 16.132 0.008
2460321.59072 16.081 0.008
2460321.60329 16.076 0.008
2460321.61621 16.073 0.007
2460321.62879 16.079 0.007
2460321.64341 16.092 0.007
2460321.65602 16.100 0.007
2460321.66909 16.112 0.007
2460321.68171 16.129 0.008
2460321.69481 16.136 0.008
2460321.70740 16.133 0.008
2460321.72031 16.150 0.008
2460321.73291 16.159 0.008
2460321.74592 16.175 0.008
2460321.75848 16.206 0.008
2460321.77200 16.227 0.008
2460321.78462 16.246 0.008
2460321.79746 16.307 0.008
2460321.81005 16.327 0.008
2460322.57925 16.146 0.008
2460322.59190 16.137 0.008
2460322.60486 16.118 0.008
2460322.61749 16.109 0.008
2460322.63033 16.107 0.007
2460322.64302 16.109 0.008
2460322.65583 16.098 0.007
2460322.66849 16.098 0.007
2460322.68139 16.096 0.007
2460322.69398 16.091 0.007
2460322.70718 16.087 0.007
2460322.71984 16.081 0.007
2460322.73274 16.094 0.008
2460322.74539 16.074 0.007
2460322.75888 16.076 0.007
2460322.77147 16.066 0.007
2460322.78451 16.093 0.007
2460322.79712 16.088 0.007
2460323.59235 16.122 0.008
2460323.60499 16.124 0.008
2460323.61778 16.137 0.008
2460323.63043 16.151 0.007
2460323.64397 16.177 0.007
2460323.65663 16.188 0.007
2460323.66962 16.210 0.007
2460323.68237 16.213 0.008
2460323.69519 16.246 0.008
2460323.70784 16.280 0.008
2460323.72077 16.266 0.008
2460323.73339 16.260 0.009
2460323.74678 16.270 0.008
2460323.76044 16.277 0.009
2460323.77495 16.249 0.008
2460323.78747 16.237 0.009
2460324.61917 16.077 0.008
2460324.63172 16.071 0.008
2460324.64487 16.060 0.008
2460324.65742 16.064 0.008
2460324.67064 16.070 0.008
2460324.68323 16.067 0.008
2460324.69702 16.070 0.008
2460324.70957 16.067 0.008
2460324.72448 16.083 0.008
2460324.78435 16.119 0.008
2460325.57759 16.274 0.008
2460325.59015 16.275 0.008
2460325.60334 16.305 0.008
2460325.61590 16.323 0.008
2460325.62884 16.308 0.008
2460325.64147 16.288 0.008
2460325.65469 16.291 0.008
2460325.67181 16.261 0.008
2460325.68511 16.235 0.008
2460325.69768 16.212 0.008
2460325.71253 16.191 0.007
2460325.72512 16.178 0.008
2460325.73783 16.171 0.009
2460325.75044 16.152 0.008
2460325.76792 16.148 0.008
2460325.78159 16.141 0.008
2460326.60311 16.068 0.008
2460326.61576 16.079 0.007
2460326.62919 16.088 0.008
2460326.64184 16.091 0.008
2460326.65483 16.106 0.008
2460326.66741 16.116 0.007
2460326.68007 16.111 0.008
2460326.69275 16.128 0.008
2460326.70560 16.107 0.008
2460326.71815 16.144 0.008
2460326.73099 16.151 0.008
2460326.74364 16.159 0.008
2460326.75660 16.171 0.008
2460326.76925 16.210 0.008
2460327.57924 16.170 0.008
2460327.59305 16.154 0.008
2460327.61809 16.135 0.008
2460327.63126 16.115 0.008
2460327.64407 16.120 0.008
2460327.65665 16.110 0.008
2460327.66953 16.118 0.008
2460327.68224 16.089 0.008
2460327.69510 16.088 0.008
2460327.70777 16.116 0.008
2460327.72113 16.086 0.008
2460327.74839 16.113 0.008
2460327.76136 16.091 0.007
2460327.78765 16.070 0.007
2460328.58968 16.106 0.008
2460328.60234 16.108 0.008
2460328.61525 16.109 0.007
2460328.62790 16.130 0.007
2460328.67610 16.196 0.008
2460328.68883 16.217 0.008
2460328.70171 16.226 0.008
2460328.71447 16.242 0.008
2460328.73258 16.259 0.008
2460328.74521 16.277 0.008
2460328.75936 16.291 0.008
2460328.77204 16.281 0.008
2460329.60992 16.089 0.008
2460329.62259 16.070 0.008
2460329.63545 16.067 0.007
2460329.64802 16.064 0.007
2460329.66098 16.071 0.007
2460329.67355 16.064 0.007
2460329.68639 16.070 0.007
2460329.69895 16.071 0.007
2460329.71445 16.077 0.007
2460329.72970 16.084 0.007
2460329.74237 16.084 0.007
2460329.75536 16.101 0.007
2460329.76816 16.078 0.007
2460329.78078 16.110 0.007
2460330.57832 16.261 0.008
2460330.59089 16.284 0.008
2460330.60413 16.300 0.008
2460330.61666 16.305 0.009
2460330.63449 16.332 0.009
2460330.64708 16.293 0.008
2460330.66008 16.303 0.008
2460330.67267 16.285 0.008
2460330.68576 16.267 0.008
2460330.69837 16.246 0.008
2460330.71168 16.232 0.008
2460330.72426 16.194 0.008
2460330.73698 16.199 0.008
2460330.74958 16.177 0.008
2460330.76253 16.155 0.007
2460330.77516 16.160 0.007
2460331.57537 16.066 0.008
2460331.58796 16.052 0.007
2460331.60085 16.073 0.007
2460331.61347 16.063 0.007
2460331.62685 16.083 0.007
2460331.63951 16.084 0.008
2460331.65277 16.080 0.008
2460331.66535 16.086 0.007
2460331.67824 16.115 0.008
2460331.69081 16.127 0.008
2460331.70379 16.140 0.007
2460331.71644 16.135 0.008
2460331.72932 16.150 0.008
2460331.74201 16.165 0.008
2460331.75483 16.179 0.008
2460331.76751 16.199 0.008
2460332.61068 16.173 0.007
2460332.62330 16.144 0.007
2460332.64076 16.140 0.007
2460332.65335 16.134 0.007
2460332.66637 16.137 0.007
2460332.68063 16.121 0.007
2460332.69366 16.105 0.007
2460332.70627 16.101 0.007
2460332.71918 16.114 0.007
2460332.73193 16.093 0.007
2460332.74474 16.089 0.007
2460332.75745 16.108 0.008
2460333.58396 16.096 0.008
2460333.59665 16.112 0.008
2460333.60964 16.110 0.008
2460333.62225 16.124 0.007
2460333.63670 16.141 0.008
2460333.64940 16.148 0.008
2460333.67681 16.181 0.008
2460333.69146 16.198 0.008
2460333.70461 16.213 0.008
2460333.71719 16.242 0.008
2460333.73005 16.253 0.008
2460333.74265 16.255 0.008
2460333.75675 16.286 0.008
2460334.57785 16.126 0.008
2460334.59051 16.097 0.008
2460334.60344 16.090 0.007
2460334.61597 16.088 0.007
2460334.63242 16.087 0.007
2460334.64495 16.075 0.008
2460334.65841 16.081 0.008
2460334.67097 16.060 0.008
2460334.68381 16.086 0.007
2460334.69638 16.069 0.007
2460334.70909 16.066 0.007
2460334.72174 16.092 0.007
2460334.73459 16.078 0.008
2460334.74722 16.089 0.008
2460335.56653 16.223 0.008
2460335.57909 16.226 0.008
2460335.59180 16.269 0.008
2460335.60442 16.276 0.008
2460335.61723 16.320 0.008
2460335.62987 16.316 0.008
2460335.64275 16.326 0.008
2460335.65541 16.330 0.008
2460335.66845 16.342 0.008
2460335.68100 16.329 0.008
2460335.69381 16.282 0.008
2460335.70635 16.258 0.008
2460335.71929 16.264 0.008
2460335.73186 16.245 0.008
2460335.74468 16.219 0.008
2460335.75722 16.174 0.008
2460336.58965 16.063 0.008
2460336.60226 16.064 0.008
2460336.61552 16.078 0.008
2460336.62820 16.065 0.008
2460336.64097 16.077 0.008
2460336.65354 16.107 0.008
2460336.66652 16.093 0.008
2460336.67909 16.105 0.008
2460336.69189 16.104 0.008
2460336.70451 16.118 0.008
2460336.72050 16.137 0.008
2460336.73322 16.158 0.008
2460336.74672 16.140 0.008
2460336.75937 16.192 0.008
2460337.56219 16.244 0.008
2460337.57484 16.216 0.008
2460337.62218 16.167 0.008
2460337.63477 16.155 0.008
2460337.65266 16.130 0.008
2460337.66529 16.137 0.008
2460337.67804 16.128 0.008
2460337.69121 16.127 0.007
2460337.70393 16.117 0.008
2460337.71667 16.112 0.008
2460337.72959 16.101 0.007
2460337.74230 16.096 0.008
2460338.56320 16.074 0.007
2460338.57585 16.088 0.007
2460338.58870 16.094 0.007
2460338.60129 16.107 0.007
2460338.61414 16.103 0.007
2460338.62688 16.110 0.007
2460338.63981 16.122 0.007
2460338.65253 16.115 0.007
2460338.66548 16.151 0.007
2460338.67807 16.173 0.007
2460338.69146 16.183 0.007
2460338.70407 16.201 0.007
2460338.71718 16.222 0.008
2460338.72977 16.237 0.008
2460339.54265 16.137 0.008
2460339.55527 16.124 0.008
2460339.56814 16.116 0.008
2460339.58071 16.123 0.008
2460339.59361 16.094 0.008
2460339.60618 16.101 0.008
2460339.61900 16.103 0.007
2460339.63155 16.102 0.008
2460339.64465 16.085 0.008
2460339.65720 16.100 0.008
2460340.56590 16.211 0.009
2460340.57857 16.244 0.009
2460340.59144 16.267 0.009
2460340.60409 16.289 0.009
2460340.61697 16.311 0.008
2460340.62953 16.339 0.010
2460340.64250 16.357 0.010
2460340.65517 16.354 0.010
2460340.66813 16.353 0.010
2460340.68074 16.358 0.009
2460340.69388 16.314 0.010
2460340.70657 16.336 0.009
2460341.57730 16.064 0.007
2460341.58994 16.067 0.008
2460341.60272 16.069 0.008
2460341.61529 16.062 0.008
2460341.62840 16.090 0.008
2460341.64099 16.096 0.008
2460341.65388 16.092 0.008
2460341.66647 16.104 0.008
2460341.67976 16.096 0.008
2460341.69235 16.105 0.008
2460342.58782 16.218 0.008
2460342.60109 16.216 0.008
2460342.61413 16.202 0.008
2460342.63435 16.171 0.007
2460342.64691 16.164 0.007
2460342.66021 16.149 0.008
2460342.67281 16.154 0.007
2460342.68585 16.147 0.007
2460342.69847 16.130 0.007
2460342.71161 16.148 0.008
2460342.72426 16.118 0.008
2460342.73699 16.121 0.008
2460342.74957 16.128 0.008
2460343.56052 16.079 0.008
2460343.57385 16.074 0.008
2460343.58687 16.081 0.007
2460343.59945 16.070 0.008
2460343.61231 16.095 0.008
2460343.62492 16.126 0.008
2460343.64113 16.133 0.008
2460343.65511 16.120 0.008
2460343.66808 16.141 0.008
2460343.68074 16.142 0.008
2460344.56136 16.150 0.008
2460344.57422 16.150 0.007
2460344.58723 16.124 0.009
2460345.54730 16.160 0.007
2460345.56027 16.158 0.008
2460345.57329 16.193 0.008
2460345.58689 16.223 0.008
2460345.59990 16.235 0.008
2460345.61300 16.256 0.008
2460345.64181 16.303 0.008
2460346.55850 16.047 0.007
2460346.57173 16.061 0.008
2460346.58477 16.069 0.008
2460346.59738 16.051 0.008
2460346.61052 16.074 0.007
2460346.62343 16.043 0.007
2460346.63640 16.068 0.008
2460346.64895 16.049 0.008
2460347.52954 16.222 0.009
2460347.54212 16.261 0.008
2460347.55938 16.240 0.008
2460347.57193 16.264 0.008
2460347.58479 16.252 0.007
2460347.62219 16.178 0.008
2460347.63888 16.182 0.007
2460347.65229 16.203 0.008
2460347.66519 16.171 0.008
2460347.67852 16.153 0.008
2460347.69157 16.146 0.007
2460347.70416 16.138 0.007
2460347.71689 16.077 0.008
2460347.72951 16.122 0.007
2460347.74266 16.106 0.007
2460349.57351 16.156 0.007
2460349.58695 16.124 0.007
2460349.60113 16.145 0.007
2460349.61371 16.146 0.007
2460349.64274 16.094 0.007
2460349.65531 16.108 0.008
2460349.66828 16.113 0.007
2460349.68335 16.108 0.007
2460349.69631 16.111 0.007
2460349.70887 16.104 0.008
2460349.72186 16.101 0.008
2460349.73440 16.049 0.007
2460351.53005 16.083 0.007
2460351.54296 16.076 0.007
2460351.55573 16.071 0.007
2460351.56829 16.059 0.007
2460351.58133 16.068 0.007
2460351.59414 16.081 0.007
2460351.62524 16.074 0.007
2460351.63780 16.065 0.007
2460351.65055 16.077 0.006
2460351.66341 16.072 0.006
2460351.67622 16.075 0.007
2460351.68881 16.094 0.007
2460351.70185 16.096 0.006
2460351.71440 16.095 0.006
2460351.72732 16.096 0.007
2460351.73994 16.150 0.007
2460352.56502 16.268 0.008
2460352.57768 16.290 0.008
2460352.59062 16.270 0.008
2460352.60347 16.271 0.008
2460352.61626 16.240 0.008
2460352.62888 16.241 0.008
2460352.64171 16.219 0.007
2460352.65436 16.194 0.007
2460352.66712 16.183 0.007
2460352.68033 16.194 0.007
2460352.69321 16.168 0.007
2460352.70583 16.137 0.007
2460353.52693 16.060 0.007
2460353.53988 16.060 0.007
2460353.55276 16.080 0.007
2460353.56546 16.100 0.008
2460353.57856 16.070 0.008
2460353.59180 16.095 0.007
2460353.62175 16.111 0.008
2460353.63437 16.129 0.008
2460353.64732 16.122 0.008
2460353.65990 16.151 0.008
2460353.67293 16.168 0.008
2460353.68648 16.138 0.008
2460354.52544 16.218 0.008
2460354.53798 16.214 0.008
2460354.55106 16.191 0.008
2460354.56717 16.172 0.008
2460354.57193 16.170 0.008
2460354.58687 16.178 0.008
2460354.59944 16.159 0.008
2460354.61276 16.130 0.008
2460354.62538 16.143 0.008
2460354.63849 16.142 0.008
2460354.65138 16.124 0.008
2460354.66453 16.139 0.008
2460354.67718 16.122 0.007
2460354.69017 16.128 0.007
2460354.70272 16.121 0.007
2460354.71778 16.099 0.007
2460354.73045 16.100 0.008
2460355.52349 16.115 0.007
2460355.53610 16.128 0.007
2460355.54910 16.151 0.007
2460355.56680 16.151 0.007
2460355.57970 16.176 0.007
2460355.59622 16.185 0.007
2460355.60919 16.196 0.008
2460355.62186 16.231 0.008
2460355.64982 16.281 0.008
2460355.66247 16.289 0.008
2460355.67534 16.321 0.008
2460355.68803 16.327 0.008
2460355.70088 16.350 0.008
2460355.71351 16.336 0.008
2460355.72648 16.345 0.008
2460355.73907 16.311 0.008
2460356.52665 16.098 0.008
2460356.53934 16.088 0.007
2460356.55218 16.097 0.007
2460356.56517 16.071 0.007
2460356.57815 16.084 0.007
2460356.59085 16.091 0.007
2460356.60838 16.090 0.007
2460356.62108 16.092 0.008
2460356.63396 16.102 0.008
2460356.64693 16.066 0.008
2460356.65986 16.079 0.007
2460356.67258 16.084 0.007
2460356.68549 16.091 0.007
2460356.69805 16.107 0.007
2460356.71317 16.111 0.008
2460356.72595 16.117 0.007
2460357.52497 16.210 0.008
2460357.53760 16.227 0.008
2460357.55070 16.256 0.008
2460357.56389 16.264 0.008
2460357.57685 16.231 0.008
2460357.58963 16.263 0.008
2460357.61884 16.265 0.008
2460357.63173 16.234 0.008
2460357.64473 16.213 0.007
2460357.65735 16.225 0.007
2460357.67033 16.201 0.007
2460357.68305 16.163 0.007
2460357.69605 16.192 0.008
2460357.70881 16.183 0.008
2460357.72183 16.163 0.008
2460357.73678 16.153 0.008
2460358.52382 16.062 0.008
2460358.53647 16.045 0.008
2460358.54934 16.072 0.007
2460358.56427 16.071 0.008
2460358.57741 16.082 0.008
2460358.59008 16.104 0.008
2460358.60293 16.088 0.008
2460358.61545 16.116 0.007
2460358.62837 16.115 0.008
2460358.64164 16.111 0.007
2460358.65456 16.090 0.007
2460358.66711 16.110 0.007
2460358.68016 16.130 0.008
2460358.69273 16.151 0.008
2460359.65714 16.129 0.008
2460359.66979 16.121 0.008
2460359.68267 16.133 0.008
2460359.69531 16.127 0.008
2460360.52321 16.113 0.008
2460360.53579 16.128 0.008
2460360.54880 16.123 0.008
2460360.56137 16.124 0.008
2460360.59139 16.136 0.008
2460360.60403 16.170 0.008
2460360.61728 16.201 0.008
2460360.63011 16.213 0.008
2460360.64294 16.249 0.009
2460360.65546 16.269 0.008
2460360.66830 16.280 0.008
2460360.68159 16.309 0.008
2460361.52679 16.088 0.008
2460361.53934 16.094 0.008
2460361.55212 16.098 0.008
2460361.56625 16.102 0.008
2460361.57933 16.090 0.007
2460361.59190 16.076 0.007
2460361.60496 16.081 0.007
2460361.61749 16.073 0.007
2460362.55012 16.228 0.010
2460362.56815 16.249 0.009
2460362.58694 16.242 0.009
2460362.59960 16.290 0.010
2460362.61691 16.272 0.010
2460362.64122 16.300 0.011
2460362.65407 16.245 0.009
2460362.66670 16.273 0.010
2460364.52569 16.277 0.010
2460364.57641 16.215 0.008
2460364.58931 16.183 0.008
2460364.60203 16.197 0.009
2460364.61503 16.201 0.009
2460364.62760 16.161 0.008
2460365.52465 16.110 0.008
2460365.53722 16.115 0.008
2460365.55003 16.122 0.008
2460365.56263 16.151 0.008
2460365.57540 16.137 0.008
2460365.58795 16.154 0.008
2460365.62064 16.182 0.008
2460365.63319 16.203 0.008
2460365.64605 16.216 0.008
2460365.65865 16.237 0.009
2460366.51080 16.144 0.010
2460366.52346 16.146 0.009
2460366.54087 16.125 0.008
2460366.60927 16.068 0.008
2460366.62211 16.083 0.008
2460366.63471 16.097 0.008
2460366.64755 16.087 0.008
2460366.66011 16.080 0.008
2460366.67353 16.104 0.008
2460366.68621 16.120 0.008
2460366.69931 16.103 0.008
2460367.51900 16.167 0.010
2460367.57183 16.216 0.009
2460367.58453 16.250 0.009
2460367.60921 16.271 0.009
2460367.62187 16.267 0.009
2460367.63482 16.305 0.009
2460367.64741 16.283 0.008
2460367.66139 16.248 0.008
2460367.67404 16.226 0.008
2460367.68690 16.223 0.008
2460367.69948 16.226 0.009
2460368.51297 16.084 0.008
2460368.52556 16.090 0.008
2460368.53854 16.085 0.008
2460368.55118 16.084 0.008
2460368.56422 16.083 0.008
2460368.57694 16.075 0.008
2460368.59005 16.091 0.008
2460368.61023 16.093 0.008
2460368.62313 16.088 0.008
2460368.63574 16.120 0.008
2460368.64877 16.099 0.008
2460368.66133 16.100 0.008
2460368.67461 16.137 0.008
2460369.51419 16.315 0.008
2460369.52693 16.314 0.008
2460369.55621 16.281 0.008
2460369.56899 16.277 0.008
2460369.58193 16.230 0.008
2460369.59456 16.220 0.008
2460369.60737 16.199 0.008
2460369.62006 16.200 0.008
2460369.63295 16.156 0.008
2460369.64555 16.145 0.008
2460369.65856 16.152 0.008
2460369.67116 16.118 0.008
2460370.51265 16.098 0.008
2460370.52704 16.090 0.008
2460370.53997 16.098 0.008
2460370.55252 16.107 0.008
2460370.56593 16.133 0.008
2460370.57854 16.130 0.008
2460370.59424 16.156 0.008
2460370.60679 16.170 0.008
2460370.61969 16.165 0.008
2460370.63227 16.157 0.008
2460370.64512 16.182 0.009
2460370.65773 16.221 0.008
2460370.67060 16.230 0.008
2460370.68318 16.278 0.008
2460371.51023 16.154 0.008
2460371.52981 16.109 0.008
2460371.54282 16.120 0.008
2460371.55541 16.123 0.008
2460371.60404 16.100 0.008
2460371.61662 16.100 0.008
2460371.62964 16.095 0.008
2460371.64228 16.091 0.008
2460371.65512 16.094 0.008
2460371.66776 16.070 0.008
2460372.51287 16.141 0.008
2460372.52553 16.149 0.007
2460372.53840 16.148 0.008
2460372.55108 16.184 0.008
2460372.56674 16.221 0.008
2460372.57943 16.245 0.008
2460372.59223 16.249 0.008
2460372.60487 16.287 0.008
2460372.61758 16.281 0.008
2460372.63026 16.281 0.008
2460372.64312 16.247 0.008
2460372.65570 16.280 0.008
2460373.65002 16.087 0.007
2460373.66271 16.099 0.007
2460374.51149 16.319 0.009
2460374.52409 16.346 0.010
2460374.53706 16.318 0.009
2460374.54962 16.298 0.009
2460374.56257 16.278 0.008
2460374.57516 16.251 0.008
2460374.58822 16.244 0.008
2460374.60082 16.237 0.008
2460374.63855 16.178 0.008
2460374.65119 16.158 0.008
2460374.66549 16.160 0.008
2460374.67816 16.158 0.008
2460375.56002 16.114 0.008
2460375.58016 16.118 0.008
2460375.59326 16.124 0.008
2460375.60597 16.147 0.008
2460375.62946 16.160 0.008
2460375.64205 16.173 0.008
2460375.65504 16.184 0.008
2460375.66773 16.224 0.008
2460375.68071 16.243 0.008
2460375.69335 16.262 0.008
2460376.51551 16.151 0.008
2460376.52891 16.144 0.008
2460376.54181 16.130 0.008
2460376.55477 16.128 0.008
2460376.56780 16.146 0.008
2460376.58041 16.131 0.008
2460376.59326 16.116 0.008
2460376.60584 16.103 0.007
2460376.61869 16.118 0.008
2460376.63126 16.110 0.008
2460376.64411 16.115 0.007
2460377.50607 16.126 0.008
2460377.51873 16.118 0.008
2460377.53169 16.155 0.008
2460377.54441 16.175 0.008
2460377.55727 16.187 0.008
2460377.56999 16.191 0.008
2460377.58287 16.207 0.008
2460377.59557 16.244 0.008
2460377.60848 16.252 0.008
2460377.62124 16.279 0.008
2460377.63431 16.286 0.008
2460377.64706 16.301 0.008
2460377.66014 16.304 0.008
2460377.67277 16.326 0.008
2460378.50628 16.091 0.008
2460378.51896 16.096 0.008
2460378.53259 16.089 0.008
2460378.54521 16.085 0.008
2460378.57455 16.079 0.007
2460378.58711 16.068 0.008
2460378.59996 16.071 0.008
2460378.61254 16.080 0.008
2460378.62535 16.094 0.008
2460378.63788 16.089 0.008
2460378.65072 16.095 0.008
2460378.66337 16.129 0.008
2460379.50762 16.317 0.008
2460379.52075 16.341 0.008
2460379.53397 16.336 0.008
2460379.54657 16.344 0.008
2460379.56595 16.314 0.008
2460379.57858 16.284 0.008
2460379.60199 16.239 0.008
2460379.61455 16.256 0.008
2460379.62750 16.228 0.008
2460380.50574 16.088 0.008
2460380.51833 16.090 0.008
2460380.53133 16.086 0.008
2460380.54394 16.086 0.008
2460380.55726 16.113 0.008
2460380.56986 16.117 0.008
2460380.58279 16.112 0.008
2460380.59542 16.127 0.008
2460380.60828 16.132 0.008
2460380.62090 16.157 0.008
2460380.63383 16.145 0.008
2460380.64652 16.150 0.008
2460380.65939 16.176 0.008
2460380.67200 16.191 0.008
2460381.50444 16.173 0.008
2460381.51712 16.160 0.008
2460381.53005 16.150 0.008
2460381.54273 16.144 0.008
2460381.55569 16.139 0.008
2460381.57134 16.119 0.007
2460381.58426 16.138 0.007
2460381.59695 16.140 0.007
2460381.60990 16.132 0.007
2460381.62251 16.110 0.007
2460381.63540 16.116 0.007
2460381.64812 16.120 0.008
2460382.50553 16.115 0.008
2460382.51828 16.141 0.008
2460382.53122 16.161 0.008
2460382.54390 16.149 0.008
2460382.55685 16.156 0.008
2460382.56951 16.188 0.008
2460382.59583 16.218 0.008
2460382.60854 16.254 0.008
2460382.62142 16.270 0.008
2460382.63412 16.256 0.007
2460382.64710 16.303 0.008
2460382.65985 16.279 0.008
2460383.50320 16.121 0.008
2460383.53119 16.105 0.008
2460383.55268 16.097 0.008
2460383.56535 16.090 0.008
2460383.57819 16.088 0.008
2460383.59085 16.105 0.008
2460383.60372 16.067 0.008
2460383.61628 16.111 0.008
2460383.63951 16.108 0.008
2460383.65212 16.095 0.008
2460384.49997 16.293 0.008
2460384.51304 16.317 0.008
2460384.52723 16.327 0.008
2460384.53979 16.329 0.008
2460384.56320 16.325 0.008
2460384.57578 16.319 0.008
2460384.58873 16.307 0.008
2460384.60133 16.273 0.008
2460384.61413 16.269 0.008
2460384.62677 16.259 0.008
2460384.63958 16.239 0.008
2460384.65217 16.218 0.008
2460385.50024 16.085 0.008
2460385.51280 16.094 0.008
2460385.52575 16.073 0.008
2460385.53876 16.090 0.008
2460385.55164 16.095 0.007
2460385.56478 16.103 0.007
2460385.57758 16.097 0.007
2460385.59029 16.116 0.007
2460385.60329 16.115 0.007
2460385.61590 16.132 0.007
2460385.62925 16.135 0.007
2460385.64183 16.153 0.008
2460386.51540 16.193 0.008
2460386.52887 16.172 0.008
2460386.54188 16.164 0.008
2460386.55446 16.159 0.008
2460386.56884 16.143 0.008
2460386.58141 16.130 0.008
2460386.59726 16.135 0.008
2460386.60984 16.109 0.007
2460386.62411 16.122 0.008
2460386.63668 16.095 0.007
2460387.51088 16.123 0.008
2460387.52345 16.129 0.008
2460387.53891 16.134 0.008
2460387.55232 16.150 0.008
2460387.56521 16.156 0.008
2460387.57849 16.180 0.008
2460387.59220 16.182 0.008
2460387.60540 16.200 0.008
2460387.61877 16.257 0.008
2460387.63136 16.252 0.008
2460388.50102 16.119 0.008
2460388.51495 16.116 0.008
2460388.52808 16.109 0.008
2460388.54125 16.121 0.008
2460388.55434 16.100 0.007
2460388.56696 16.092 0.007
2460388.58072 16.102 0.007
2460388.59337 16.089 0.008
2460388.60628 16.100 0.008
2460388.61893 16.100 0.008
2460389.50187 16.212 0.008
2460389.51442 16.252 0.008
2460389.52751 16.301 0.008
2460389.54014 16.324 0.008
2460389.55326 16.333 0.008
2460389.56596 16.339 0.008
2460389.57958 16.362 0.008
2460389.59229 16.332 0.008
2460389.60565 16.321 0.008
2460390.51935 16.070 0.008
2460390.53197 16.076 0.007
2460390.54505 16.078 0.008
2460390.55758 16.099 0.008
2460390.57060 16.093 0.008
2460390.58319 16.123 0.008
2460390.59601 16.115 0.008
2460390.60856 16.129 0.008
2460391.50071 16.218 0.008
2460391.51407 16.217 0.008
2460391.52701 16.190 0.008
2460391.53960 16.175 0.008
2460391.55231 16.167 0.008
2460391.56487 16.152 0.008
2460391.57806 16.145 0.008
2460391.59196 16.142 0.007
2460392.49774 16.098 0.008
2460392.51201 16.104 0.008
2460392.52487 16.113 0.008
2460392.53742 16.136 0.008
2460392.55277 16.134 0.007
2460392.56531 16.126 0.008
2460392.57809 16.164 0.008
2460392.59067 16.153 0.009
2460392.60415 16.182 0.009
2460392.61714 16.217 0.008
2460394.49350 16.225 0.008
2460394.50613 16.250 0.009
2460394.51919 16.260 0.010
2460394.53220 16.288 0.009
2460394.54497 16.327 0.009
2460394.55754 16.339 0.010
2460394.57043 16.345 0.009
2460394.58299 16.319 0.011
2460394.59656 16.384 0.013
2460395.50184 16.070 0.008
2460395.51445 16.066 0.008
2460395.52791 16.070 0.008
2460395.54047 16.085 0.008
2460395.55355 16.094 0.008
2460395.56762 16.068 0.008
2460395.59044 16.092 0.007
2460395.60349 16.103 0.007
2460396.48946 16.252 0.008
2460396.50301 16.234 0.007
2460396.53012 16.226 0.008
2460396.54267 16.195 0.008
2460396.55552 16.174 0.008
2460396.56816 16.160 0.008
2460396.58092 16.167 0.008
2460396.59357 16.147 0.008
2460397.49415 16.075 0.008
2460397.50800 16.100 0.007
2460397.52362 16.092 0.008
2460397.53625 16.112 0.008
2460397.54920 16.119 0.008
2460397.56182 16.130 0.008
2460397.57495 16.145 0.008
2460397.58756 16.165 0.008
2460398.49987 16.149 0.009
2460398.51248 16.113 0.009
2460398.53538 16.133 0.008
2460398.54877 16.143 0.008
2460398.56239 16.118 0.008
2460398.57505 16.096 0.008
2460398.58788 16.102 0.008
2460398.60044 16.120 0.008
2460399.48807 16.183 0.009
2460399.50108 16.218 0.008
2460399.51405 16.231 0.008
2460399.52677 16.282 0.008
2460399.53985 16.275 0.008
2460399.55259 16.313 0.009
2460399.56555 16.367 0.008
2460399.57814 16.359 0.008
2460400.49155 16.082 0.007
2460400.50416 16.091 0.007
2460400.54242 16.091 0.008
2460400.55500 16.099 0.007
2460400.56790 16.077 0.007
2460400.58050 16.105 0.007
2460400.59323 16.108 0.007
2460400.60606 16.117 0.008
2460401.48841 16.233 0.007
2460401.50546 16.269 0.008
2460401.51819 16.231 0.008
2460401.53078 16.240 0.007
2460401.54421 16.208 0.008
2460401.55679 16.213 0.008
2460401.56958 16.190 0.008
2460401.58218 16.180 0.007
2460401.59560 16.162 0.007
2460401.60819 16.143 0.007
2460402.48970 16.074 0.006
2460402.50229 16.085 0.007
2460402.51535 16.111 0.008
2460402.52799 16.112 0.007
2460402.54095 16.121 0.007
2460402.55355 16.116 0.007
2460402.56669 16.137 0.007
2460402.57937 16.156 0.008
2460402.59248 16.164 0.007
2460403.49694 16.162 0.008
2460403.51021 16.160 0.008
2460403.52316 16.153 0.008
2460403.53672 16.149 0.008
2460403.54974 16.133 0.008
2460403.56239 16.122 0.007
2460403.57544 16.119 0.007
2460403.58801 16.117 0.008
2460403.60118 16.112 0.007
2460404.49118 16.175 0.008
2460404.50428 16.198 0.008
2460404.51730 16.205 0.008
2460404.52990 16.222 0.008
2460404.54262 16.284 0.008
2460404.55526 16.299 0.008
2460404.56803 16.299 0.008
2460404.58063 16.324 0.008
2460405.48959 16.072 0.008
2460405.50275 16.090 0.008
2460405.51582 16.090 0.008
2460405.52846 16.068 0.008
2460405.54117 16.069 0.008
2460405.55376 16.092 0.008
2460405.56664 16.090 0.008
2460405.57927 16.089 0.008
2460406.49146 16.263 0.009
2460406.50505 16.267 0.008
2460406.51826 16.289 0.009
2460406.53093 16.251 0.008
2460406.54387 16.223 0.008
2460406.55650 16.212 0.011
2460407.49066 16.094 0.008
2460407.50324 16.115 0.008
2460407.53592 16.108 0.008
2460407.54850 16.104 0.008
2460407.56374 16.126 0.008
2460407.57636 16.136 0.008
2460407.59012 16.152 0.008
2460407.60276 16.169 0.008
2460408.50134 16.163 0.007
2460408.51398 16.151 0.008
2460408.52687 16.149 0.008
2460408.53957 16.146 0.007
2460408.55291 16.135 0.007
2460408.56554 16.135 0.008
2460408.57828 16.114 0.008
2460408.59089 16.142 0.008
2460409.48461 16.143 0.008
2460409.49720 16.168 0.008
2460409.53162 16.204 0.008
2460409.54418 16.237 0.008
2460409.55706 16.266 0.008
2460409.56958 16.289 0.008
2460409.58272 16.294 0.008
2460409.59528 16.364 0.008
2460410.48567 16.097 0.008
2460410.49826 16.100 0.008
2460410.51105 16.096 0.008
2460410.52360 16.093 0.007
2460410.53671 16.086 0.008
2460410.54932 16.085 0.008
2460410.56208 16.096 0.008
2460410.57463 16.100 0.009
2460410.58748 16.092 0.008
2460410.60002 16.101 0.008
2460411.51274 16.313 0.009
2460411.52528 16.295 0.009
2460411.53810 16.291 0.010
2460411.55068 16.259 0.009
2460411.56385 16.233 0.009
2460411.57648 16.206 0.009
2460417.47925 16.067 0.008
2460417.49184 16.077 0.008
2460417.51466 16.097 0.008
2460417.52725 16.108 0.008
2460417.54024 16.098 0.008
2460417.55284 16.092 0.008
2460417.56598 16.113 0.008
2460417.57856 16.141 0.009
2460418.49633 16.228 0.008
2460418.50889 16.201 0.008
2460418.52192 16.176 0.008
2460418.53448 16.175 0.008
2460418.54730 16.143 0.008
2460418.55990 16.178 0.008
2460418.57306 16.151 0.008
2460418.58593 16.149 0.008
2460419.47664 16.144 0.008
2460419.48924 16.139 0.008
2460419.50237 16.166 0.008
2460419.51498 16.176 0.008
2460419.52787 16.177 0.008
2460419.54067 16.190 0.008
2460419.55384 16.213 0.008
2460419.56641 16.211 0.008
2460420.47489 16.103 0.007
2460420.48767 16.090 0.008
2460420.50069 16.105 0.008
2460420.51433 16.092 0.007
2460420.52820 16.097 0.007
2460420.54083 16.083 0.007
2460420.55418 16.083 0.007
2460420.56683 16.083 0.007
2460423.47495 16.281 0.010
2460423.48757 16.262 0.009
2460423.50039 16.219 0.009
2460423.51297 16.243 0.010
2460423.52630 16.200 0.010
2460424.47775 16.148 0.010
2460424.49043 16.147 0.009
2460424.50365 16.153 0.009
2460424.51632 16.169 0.010
2460424.52924 16.142 0.010
2460424.54197 16.155 0.010
2460425.47618 16.138 0.008
2460425.48877 16.139 0.008
2460425.50200 16.121 0.008
2460425.51501 16.119 0.008
2460425.52825 16.131 0.008
2460425.54086 16.099 0.008
2460425.55386 16.084 0.010
2460425.56645 16.108 0.008
2460427.47655 16.077 0.008
2460427.49168 16.092 0.008
2460427.50479 16.055 0.008
2460432.48036 16.092 0.008
2460434.49467 16.134 0.009
2460436.49765 16.194 0.008
2460442.48124 16.124 0.009
2460456.47193 16.131 0.009
