2455260.64086 19.062 0.064
2455261.64422 18.978 0.063
2455262.63801 18.888 0.055
2455264.60542 19.249 0.080
2455266.59924 18.870 0.062
2455267.61248 18.994 0.079
2455268.59514 19.062 0.079
2455269.56442 18.941 0.064
2455270.55103 18.859 0.047
2455271.57381 18.994 0.060
2455273.56227 18.962 0.059
2455274.59340 18.909 0.069
2455275.57665 19.114 0.064
2455276.57271 18.945 0.050
2455279.56083 18.914 0.080
2455281.53626 18.944 0.067
2455282.55570 18.842 0.058
2455284.55930 18.923 0.069
2455286.54200 18.909 0.069
2455288.55569 18.901 0.070
2455291.54983 19.000 0.071
2455293.54115 18.795 0.067
2455295.49732 19.013 0.078
2455297.52306 18.882 0.056
2455298.56807 19.105 0.084
2455301.52886 18.943 0.068
2455306.52535 19.127 0.079
2455308.53311 18.840 0.069
2455309.55378 19.027 0.077
2455310.55364 18.999 0.090
2455313.50270 18.904 0.100
2455314.51747 19.038 0.111
2455322.46497 18.885 0.090
2455325.47925 19.015 0.093
2455327.48156 18.839 0.061
2455335.47226 18.888 0.070
2455341.49376 19.000 0.105
2455343.49636 19.056 0.139
2455430.91444 18.902 0.069
2455439.92393 19.095 0.129
2455448.91293 18.962 0.063
2455454.90530 18.948 0.063
2455459.88114 19.069 0.060
2455462.87008 19.026 0.069
2455462.87631 18.930 0.072
2455468.83893 18.968 0.067
2455481.74524 18.971 0.063
2455484.79060 18.955 0.055
2455485.81736 18.918 0.054
2455487.73823 18.972 0.059
2455488.74125 18.963 0.062
2455489.83351 19.006 0.055
2455490.74236 19.203 0.092
2455491.85574 18.814 0.065
2455492.77779 18.834 0.068
2455493.80010 19.111 0.088
2455494.84485 18.908 0.071
2455495.80200 18.950 0.055
2455496.79985 18.899 0.085
2455497.83000 19.130 0.075
2455499.73700 18.897 0.052
2455502.80718 18.902 0.046
2455503.76239 18.946 0.052
2455505.73208 19.022 0.073
2455506.74959 18.863 0.044
2455507.76770 18.891 0.046
2455509.67609 19.132 0.064
2455510.73198 18.877 0.050
2455511.70819 18.936 0.053
2455512.75126 18.965 0.051
2455513.72157 19.061 0.055
2455514.75411 18.894 0.048
2455515.67136 18.988 0.065
2455516.75693 18.980 0.053
2455517.67006 19.013 0.073
2455518.76646 19.003 0.110
2455519.69288 18.782 0.081
2455521.70973 18.977 0.081
2455522.73485 18.939 0.075
2455523.69958 18.914 0.060
2455524.70800 19.055 0.062
2455525.74107 18.920 0.047
2455526.69311 18.882 0.046
2455527.77382 18.896 0.047
2455528.71494 19.089 0.071
2455529.69521 18.833 0.049
2455530.70244 18.924 0.062
2455531.78562 19.072 0.048
2455532.69377 19.027 0.048
2455533.71712 18.945 0.057
2455534.74862 18.882 0.049
2455535.72549 19.001 0.059
2455536.72812 18.965 0.048
2455539.73837 19.092 0.059
2455540.82254 18.875 0.050
2455541.68870 18.923 0.061
2455542.74708 19.024 0.057
2455543.77864 18.994 0.080
2455544.76612 18.921 0.049
2455545.75540 18.874 0.055
2455546.70507 18.968 0.059
2455547.76487 18.995 0.064
2455548.72613 18.841 0.053
2455549.69102 18.856 0.061
2455550.74488 19.026 0.065
2455551.70238 19.002 0.084
2455553.74841 19.009 0.071
2455554.68173 18.993 0.107
2455556.69637 18.948 0.072
2455557.67753 18.825 0.048
2455558.67844 19.096 0.072
2455559.72162 18.904 0.056
2455560.66031 18.889 0.050
2455561.69411 18.986 0.081
2455562.71345 19.087 0.052
2455563.64740 18.867 0.064
2455565.67932 18.949 0.043
2455566.70602 18.991 0.055
2455568.72630 18.852 0.062
2455569.72086 19.009 0.064
2455570.76042 19.007 0.073
2455571.69143 18.915 0.054
2455572.80863 18.903 0.054
2455575.71296 18.918 0.055
2455576.68715 18.872 0.043
2455577.68941 19.141 0.068
2455579.74665 18.891 0.076
2455580.69069 18.919 0.053
2455581.69281 19.080 0.079
2455582.69978 18.924 0.065
2455583.70654 18.914 0.052
2455584.69258 19.001 0.058
2455585.69245 18.967 0.062
2455587.63839 18.951 0.074
2455587.65608 18.919 0.051
2455588.71574 19.027 0.059
2455588.74233 19.129 0.077
2455589.64838 18.967 0.059
2455591.68571 18.903 0.044
2455593.65093 18.915 0.054
2455594.66716 18.885 0.052
2455595.64583 18.915 0.049
2455596.70894 19.082 0.053
2455597.62642 18.868 0.048
2455598.69272 18.969 0.051
2455599.65634 18.973 0.064
2455600.68907 19.059 0.049
2455601.66871 18.904 0.044
2455602.66744 18.939 0.047
2455603.64959 18.963 0.067
2455604.57786 19.126 0.072
2455604.64718 19.027 0.067
2455604.71998 18.964 0.056
2455605.73912 18.879 0.040
2455606.55597 18.936 0.060
2455606.71788 18.924 0.061
2455607.58913 19.055 0.083
2455607.59181 18.949 0.072
2455607.72220 19.147 0.085
2455608.60014 19.021 0.073
2455609.56710 18.871 0.079
2455609.69342 18.845 0.058
2455611.57961 18.937 0.080
2455611.67688 19.176 0.114
2455612.57038 18.991 0.069
2455612.67598 18.841 0.075
2455613.62269 18.873 0.060
2455613.67804 18.865 0.088
2455614.56999 18.895 0.061
2455614.66927 18.990 0.062
2455615.58172 18.984 0.050
2455615.71248 19.130 0.077
2455616.56873 18.902 0.051
2455616.70119 18.864 0.060
2455617.53432 18.962 0.056
2455617.66574 18.819 0.055
2455619.54979 19.046 0.057
2455619.66053 19.058 0.057
2455620.54297 18.979 0.070
2455622.64577 19.008 0.075
2455623.60861 19.162 0.070
2455624.54977 19.034 0.069
2455625.64135 18.902 0.055
2455626.60245 18.905 0.060
2455627.56720 19.054 0.053
2455629.60743 18.905 0.050
2455630.61886 19.134 0.078
2455632.56698 18.982 0.072
2455633.61595 18.953 0.057
2455634.57642 19.033 0.073
2455635.58072 18.961 0.063
2455639.59560 18.937 0.083
2455640.53455 18.914 0.079
2455641.56223 18.980 0.078
2455642.51047 19.050 0.053
2455643.50823 18.978 0.055
2455644.51098 18.906 0.050
2455645.50968 18.911 0.070
2455646.52270 19.142 0.071
2455647.52467 18.936 0.056
2455648.52534 18.936 0.060
2455649.54011 18.980 0.061
2455650.52054 18.950 0.052
2455651.52644 18.909 0.040
2455652.52139 18.897 0.051
2455653.55145 18.982 0.061
2455654.56000 18.995 0.059
2455655.55117 18.944 0.063
2455656.56006 19.034 0.061
2455657.52001 19.187 0.082
2455659.51933 18.937 0.069
2455660.56471 18.919 0.054
2455664.49889 18.965 0.085
2455665.51413 19.110 0.098
2455666.51096 18.806 0.072
2455667.49311 18.863 0.070
2455668.49866 18.907 0.084
2455669.49264 19.066 0.076
2455670.54415 18.910 0.081
2455671.49453 19.025 0.121
2455672.48943 18.923 0.062
2455674.49749 18.928 0.054
2455675.49033 18.982 0.073
2455677.48704 18.936 0.056
2455678.52128 18.843 0.055
2455679.48888 18.848 0.061
2455680.53767 19.039 0.087
2455681.50173 18.949 0.085
2455682.50116 18.847 0.076
2455683.50607 19.043 0.077
2455684.51050 19.065 0.075
2455685.48220 18.957 0.077
2455686.48310 18.884 0.053
2455687.48525 18.816 0.070
2455692.52813 19.014 0.115
2455694.49337 18.894 0.081
2455695.47780 19.031 0.079
2455696.48620 18.922 0.090
2455697.47614 18.852 0.064
2455699.48567 19.145 0.134
2455700.47725 19.062 0.107
2455702.47410 18.965 0.076
2455706.47381 19.072 0.092
2455784.93399 18.923 0.087
2455796.90153 18.825 0.063
2455810.86508 18.985 0.063
2455812.85800 19.004 0.056
2455814.90700 19.197 0.091
2455815.88636 18.932 0.057
2455816.86053 18.891 0.083
2455817.86217 18.900 0.056
2455818.89016 19.010 0.072
2455819.84417 18.889 0.061
2455820.91158 18.903 0.072
2455822.83183 19.130 0.065
2455823.90666 18.803 0.084
2455824.82863 18.884 0.057
2455825.81689 18.920 0.046
2455826.86539 18.951 0.055
2455827.85937 19.015 0.050
2455828.88559 18.948 0.051
2455829.85894 18.938 0.040
2455830.85052 18.915 0.046
2455831.84220 18.878 0.038
2455832.83163 18.936 0.046
2455833.81600 19.046 0.053
2455834.81693 18.902 0.042
2455835.87683 18.914 0.051
2455836.78335 18.950 0.048
2455837.86269 19.089 0.058
2455839.84435 18.880 0.049
2455840.82784 18.970 0.050
2455841.82488 19.040 0.065
2455842.84246 18.912 0.090
2455843.85798 18.981 0.058
2455845.87295 18.909 0.090
2455846.83344 18.897 0.102
2455850.79809 18.918 0.055
2455851.80631 18.951 0.060
2455852.79008 18.926 0.088
2455853.86181 18.983 0.079
2455854.76512 18.873 0.051
2455855.83484 18.882 0.042
2455856.80641 19.172 0.085
2455858.84064 18.894 0.071
2455859.80915 18.924 0.049
2455860.79420 19.053 0.057
2455861.80321 18.881 0.053
2455863.80638 19.112 0.055
2455865.78328 18.829 0.047
2455866.80741 18.906 0.050
2455867.74633 18.951 0.056
2455868.84781 18.928 0.040
2455869.81332 18.908 0.046
2455870.75313 18.880 0.053
2455871.73923 19.001 0.055
2455872.74857 18.814 0.048
2455873.74381 18.958 0.056
2455874.77737 18.991 0.072
2455875.71327 19.009 0.072
2455878.81424 19.040 0.103
2455879.69833 19.089 0.115
2455880.74981 18.941 0.067
2455881.73636 18.849 0.053
2455882.76714 18.946 0.054
2455883.77109 19.027 0.079
2455886.73847 18.928 0.084
2455887.81086 18.986 0.050
2455888.79952 18.870 0.056
2455889.84168 18.920 0.052
2455890.77523 19.148 0.069
2455891.73390 18.906 0.052
2455892.75166 18.861 0.050
2455893.76979 19.022 0.048
2455894.79328 19.085 0.059
2455895.81035 18.910 0.055
2455896.79341 18.824 0.046
2455897.74022 18.879 0.048
2455898.72241 19.207 0.075
2455899.78156 18.903 0.051
2455900.73122 18.873 0.048
2455901.78048 18.994 0.063
2455902.73176 19.101 0.092
2455903.78693 18.877 0.060
2455904.76158 18.954 0.057
2455905.73560 18.990 0.069
2455906.74749 18.956 0.070
2455907.72556 18.930 0.062
2455908.75089 18.873 0.058
2455909.79540 19.149 0.070
2455910.70822 19.000 0.058
2455911.74006 18.854 0.048
2455912.76053 18.999 0.053
2455913.73248 19.117 0.053
2455914.75511 18.918 0.043
2455915.71214 18.878 0.041
2455916.76850 18.928 0.043
2455917.72967 19.115 0.053
2455922.74672 18.943 0.051
2455923.72294 18.882 0.039
2455924.70427 18.916 0.049
2455925.71828 19.005 0.067
2455926.73008 18.928 0.049
2455927.72910 18.866 0.052
2455929.70328 18.841 0.050
2455930.84845 18.975 0.047
2455931.67029 18.813 0.055
2455932.66760 19.109 0.074
2455933.71749 18.930 0.064
2455934.71355 18.924 0.056
2455937.68839 18.854 0.050
2455938.68917 18.903 0.053
2455939.73325 18.902 0.062
2455940.76886 18.978 0.057
2455941.76956 18.884 0.059
2455942.79417 18.873 0.049
2455943.75102 19.030 0.059
2455944.74392 18.952 0.043
2455945.72463 18.926 0.042
2455946.66447 18.946 0.049
2455946.78044 18.914 0.065
2455947.73101 19.007 0.076
2455948.71986 18.953 0.049
2455949.73604 18.966 0.062
2455950.65700 18.931 0.046
2455951.68239 19.050 0.073
2455952.70698 18.975 0.042
2455953.70492 18.859 0.054
2455954.70247 18.906 0.037
2455955.72513 19.022 0.053
2455956.72515 18.892 0.042
2455958.74237 18.986 0.051
2455959.71432 18.984 0.051
2455961.64813 18.901 0.043
2455962.64901 19.031 0.098
2455963.61574 18.934 0.111
2455964.62771 18.916 0.074
2455967.64881 18.933 0.082
2455968.64891 18.808 0.060
2455969.62493 18.908 0.047
2455970.60241 18.952 0.044
2455971.69531 18.928 0.044
2455972.68169 18.919 0.046
2455973.66476 18.927 0.037
2455976.65394 18.882 0.051
2455977.68751 18.914 0.047
2455978.66394 18.893 0.043
2455979.61410 18.958 0.057
2455980.64425 18.947 0.059
2455981.65323 19.018 0.064
2455982.65917 18.991 0.060
2455983.70231 18.859 0.037
2455984.64129 18.950 0.047
2455985.67318 19.133 0.075
2455986.60295 19.010 0.051
2455987.67874 18.915 0.052
2455988.64489 18.977 0.057
2455989.60883 19.033 0.062
2455990.60237 18.998 0.083
2455991.67736 19.015 0.070
2455992.63766 18.953 0.069
2455993.59450 19.054 0.074
2455994.59397 18.917 0.073
2455995.64090 19.002 0.092
2455996.61098 18.906 0.075
2455997.61315 18.996 0.071
2455998.61150 18.884 0.057
2455998.68116 18.992 0.062
2455999.65223 18.950 0.048
2456000.62760 18.903 0.050
2456003.55746 18.912 0.070
2456004.61784 19.172 0.081
2456005.60087 19.044 0.058
2456006.58484 18.935 0.048
2456007.58315 18.911 0.049
2456008.61764 19.179 0.070
2456009.55873 18.915 0.069
2456010.61430 18.954 0.079
2456011.57310 18.923 0.055
2456012.57218 19.026 0.088
2456013.55392 18.862 0.046
2456014.57285 18.901 0.055
2456015.56821 18.969 0.053
2456016.60889 18.994 0.050
2456017.57256 19.015 0.068
2456018.52745 18.994 0.072
2456019.57602 19.112 0.075
2456020.59799 18.990 0.059
2456021.58574 19.020 0.079
2456022.59723 18.893 0.075
2456023.57129 19.083 0.068
2456024.59412 18.890 0.076
2456025.59414 18.895 0.077
2456026.54041 18.926 0.089
2456028.57717 18.856 0.085
2456029.59476 19.002 0.091
2456032.51504 18.940 0.085
2456033.50261 18.846 0.072
2456034.50821 18.976 0.062
2456035.53361 19.004 0.057
2456036.51045 18.927 0.056
2456037.51009 18.998 0.093
2456040.51082 19.028 0.065
2456042.50844 18.955 0.107
2456047.48543 19.034 0.074
2456048.48420 18.901 0.073
2456049.50747 18.989 0.064
2456050.48305 19.061 0.084
2456053.49578 18.993 0.079
2456055.50438 18.924 0.076
2456057.50153 19.035 0.062
2456058.49492 19.118 0.067
2456059.48856 18.982 0.067
2456060.49183 18.818 0.058
2456062.47646 19.022 0.078
2456123.92554 18.974 0.051
2456164.91074 18.831 0.056
2456174.91517 18.902 0.098
2456180.86758 19.113 0.084
2456181.88177 18.980 0.068
2456182.88632 18.922 0.047
2456193.89940 18.882 0.051
2456202.83752 18.936 0.073
2456204.87264 18.933 0.051
2456210.88418 18.987 0.073
2456216.83479 19.002 0.054
2456219.81976 19.025 0.085
2456221.83308 19.019 0.091
2456223.79109 18.916 0.049
2456224.85666 18.915 0.047
2456230.73746 19.074 0.089
2456231.76227 18.966 0.067
2456233.83747 19.014 0.055
2456234.83866 18.966 0.051
2456236.80365 18.919 0.052
2456242.85125 18.854 0.041
2456243.82007 18.908 0.055
2456244.76038 18.844 0.049
2456257.82311 18.914 0.072
2456262.74628 18.941 0.059
2456270.83432 18.853 0.061
2456278.77342 18.868 0.044
2456286.72915 18.892 0.054
2456289.79849 18.859 0.057
2456306.71714 19.126 0.061
2456323.67636 18.864 0.052
2456340.63822 18.976 0.048
2456343.58200 18.868 0.052
2456363.54323 18.889 0.062
2456371.56600 19.163 0.074
2456378.54906 18.841 0.057
2456396.51556 18.817 0.068
2456399.50492 18.858 0.051
2456401.49041 18.940 0.061
2456404.50190 18.940 0.073
2456404.53221 18.937 0.071
2456407.49910 18.861 0.068
2456414.46746 18.959 0.093
2456416.47775 18.889 0.065
2456423.46047 18.841 0.088
2456509.92679 18.914 0.044
2456520.89996 19.040 0.061
2456531.91110 18.980 0.055
2456547.87774 19.161 0.059
2456561.84458 18.915 0.056
2456571.85133 18.951 0.044
2456577.89193 19.055 0.116
2456583.79810 18.876 0.056
2456608.83837 18.969 0.043
2456612.77461 18.980 0.053
2456616.73646 19.014 0.062
2456622.79042 19.067 0.061
2456638.74388 19.034 0.047
2456645.74144 19.037 0.063
2456649.74837 18.995 0.051
2456654.76853 18.946 0.040
2456658.78741 18.966 0.038
2456662.77696 18.929 0.055
2456667.83396 18.853 0.058
2456672.78192 19.027 0.089
2456680.77622 19.111 0.060
2456690.66888 18.885 0.050
2456697.71752 18.982 0.049
2456712.65013 18.888 0.051
2456871.93138 18.800 0.069
2456887.92970 18.901 0.079
2456896.90001 18.977 0.065
2456907.88274 18.941 0.058
2456926.81182 18.956 0.052
2456932.82045 18.971 0.056
2456938.80588 18.858 0.067
2456942.80339 18.857 0.050
2456950.85420 18.886 0.046
2456956.85702 18.973 0.061
2456961.85162 18.985 0.061
2456967.72306 19.041 0.114
2456970.75934 18.936 0.068
2456972.78311 18.883 0.053
2456973.72853 18.842 0.055
2456973.77403 18.955 0.057
2456974.79900 19.010 0.059
2456975.71420 18.946 0.077
2456976.84202 18.979 0.060
2456977.73804 18.902 0.046
2456980.76550 18.964 0.050
2456987.79649 18.851 0.058
2456992.76864 18.894 0.049
2456997.77443 19.186 0.087
2457002.71827 18.856 0.052
2457007.72957 18.928 0.059
2457013.68299 18.933 0.057
2457015.77083 19.025 0.055
2457016.66624 18.983 0.061
2457017.69846 18.998 0.068
2457018.68389 18.876 0.051
2457019.74684 18.950 0.048
2457020.65863 18.964 0.055
2457024.76652 18.937 0.060
2457028.71970 19.021 0.071
2457032.77406 18.970 0.052
2457037.74945 18.916 0.046
2457042.74706 19.009 0.042
2457047.71023 18.936 0.058
2457051.73882 18.918 0.046
2457056.67923 18.848 0.069
2457060.67824 18.997 0.063
2457061.70650 18.976 0.068
2457062.67099 18.974 0.065
2457062.69770 18.943 0.058
2457063.65825 18.919 0.063
2457064.72165 19.006 0.063
2457065.70672 19.013 0.080
2457066.70242 18.964 0.054
2457069.66764 19.046 0.059
2457074.67889 18.960 0.084
2457080.59459 19.024 0.061
2457083.62137 18.868 0.057
2457086.63039 18.977 0.071
2457091.61037 18.944 0.055
2457103.57836 19.009 0.051
2457109.52792 18.864 0.072
2457110.51316 18.922 0.062
2457112.58866 18.993 0.085
2457115.58524 19.177 0.099
2457119.54329 19.153 0.083
2457126.53431 18.968 0.055
2457131.53884 18.937 0.070
2457134.50915 18.990 0.068
2457137.53906 18.938 0.062
2457143.50371 18.816 0.104
2457277.91044 18.943 0.113
2457292.84315 19.046 0.089
2457294.80686 18.888 0.071
2457297.80556 18.950 0.073
2457304.88446 19.038 0.070
2457312.80186 18.930 0.057
2457322.75617 19.092 0.099
2457327.85890 18.902 0.078
2457339.76729 18.930 0.049
2457345.72586 19.138 0.075
2457354.80271 18.869 0.065
2457361.82555 18.948 0.067
2457366.69811 18.839 0.051
2457373.85149 18.966 0.062
2457377.82340 18.962 0.053
2457382.72164 18.924 0.062
2457385.73513 18.947 0.065
2457390.75696 18.985 0.049
2457399.76157 18.903 0.069
2457404.75118 18.873 0.049
2457408.72428 18.877 0.062
2457413.68842 19.083 0.089
2457416.69535 18.944 0.053
2457424.63775 18.978 0.049
2457431.66463 18.922 0.052
2457435.65757 18.969 0.051
2457439.66409 18.895 0.072
2457443.63496 18.990 0.055
2457453.61606 18.944 0.043
2457462.62984 19.082 0.051
2457466.57731 18.964 0.076
2457472.58410 18.861 0.064
2457476.53983 18.999 0.056
2457488.49363 18.936 0.057
2457499.51675 18.994 0.078
2457507.48895 18.936 0.050
2457637.90981 18.941 0.067
2457645.86406 18.866 0.058
2457648.85859 18.856 0.054
2457651.87195 18.976 0.054
2457655.87478 18.903 0.049
2457659.90153 19.014 0.129
2457663.84422 18.866 0.039
2457667.88114 18.899 0.040
2457673.82453 19.120 0.053
2457684.84248 19.078 0.104
2457691.78768 19.026 0.055
2457700.79014 18.998 0.056
2457705.76232 18.804 0.059
2457709.71656 18.956 0.049
2457713.81029 18.874 0.060
2457719.77308 19.110 0.057
2457733.80921 18.949 0.069
2457737.73084 18.919 0.063
2457741.80774 19.118 0.073
2457747.78258 18.891 0.052
2457750.75612 18.939 0.065
2457755.71797 18.976 0.058
2457760.72107 19.042 0.059
2457764.77410 19.044 0.074
2457769.73425 18.999 0.059
2457775.73632 19.092 0.056
2457783.62706 19.030 0.054
2457787.70573 19.033 0.049
2457792.59452 18.986 0.056
2457796.62146 18.968 0.059
2457801.63833 18.943 0.056
2457812.58700 18.889 0.071
2457818.54155 19.185 0.061
2457823.55728 18.867 0.088
2457828.53327 18.837 0.061
2457837.51442 19.139 0.080
2457846.50040 18.986 0.088
2457856.51666 19.138 0.100
2457870.48674 18.942 0.059
2458010.87642 18.932 0.063
2458018.89821 18.901 0.060
2458029.88553 18.873 0.047
2458064.83305 18.868 0.051
2458068.86621 18.876 0.072
2458075.73479 18.897 0.055
2458080.83263 18.913 0.041
2458085.85594 19.002 0.103
2458091.69978 18.929 0.089
2458096.77235 19.070 0.054
2458101.70613 18.899 0.041
2458109.73066 18.969 0.051
2458115.77414 19.153 0.052
2458128.70035 18.886 0.043
2458136.69022 18.928 0.053
2458142.68490 19.124 0.063
2458147.65107 18.910 0.069
2458153.62772 18.943 0.046
2458172.58463 18.959 0.072
2458176.58199 18.920 0.069
2458186.59990 18.910 0.058
2458197.49859 18.876 0.088
2458205.54974 18.915 0.073
2458209.54638 18.908 0.068
2458213.54154 18.880 0.072
2458220.55174 18.939 0.058
2458226.52859 18.992 0.082
2458230.52638 18.922 0.067
2458236.48682 18.884 0.072
2458357.86992 18.917 0.059
2458364.89639 19.115 0.054
2458365.89223 18.953 0.043
2458366.88394 18.914 0.048
2458367.90281 18.926 0.042
2458368.86603 19.010 0.054
2458369.87012 18.888 0.041
2458370.79771 18.915 0.052
2458370.81761 18.890 0.049
2458370.83596 18.893 0.044
2458370.87400 18.917 0.047
2458370.91204 18.914 0.063
2458371.80278 18.958 0.060
2458371.82700 19.022 0.060
2458371.83958 18.896 0.053
2458371.89183 19.073 0.056
2458371.91246 19.113 0.082
2458372.82920 18.990 0.053
2458372.90543 18.861 0.065
2458375.86299 18.999 0.061
2458377.87417 18.838 0.060
2458382.85736 18.972 0.051
2458392.77330 18.989 0.062
2458393.85949 18.973 0.047
2458394.81134 18.949 0.054
2458397.87949 19.057 0.055
2458398.84241 19.049 0.058
2458403.86960 19.000 0.068
2458404.77333 18.943 0.053
2458406.84842 18.981 0.063
2458407.81739 18.989 0.063
2458408.80742 18.923 0.059
2458409.80502 18.892 0.052
2458410.80279 18.954 0.052
2458411.76617 18.950 0.070
2458412.65093 18.843 0.070
2458412.81735 18.884 0.050
2458413.62641 18.837 0.081
2458413.78335 18.947 0.060
2458414.63049 18.954 0.104
2458414.82084 18.855 0.064
2458415.63793 18.906 0.097
2458416.63449 18.907 0.093
2458416.80974 18.897 0.070
2458417.80682 18.925 0.077
2458418.61484 19.118 0.101
2458418.80515 18.880 0.057
2458419.63168 18.938 0.060
2458419.80168 18.957 0.058
2458421.75756 19.197 0.092
2458422.76888 18.977 0.065
2458423.61891 18.877 0.081
2458423.77803 18.829 0.044
2458424.61843 18.888 0.058
2458424.78506 18.886 0.048
2458425.60500 19.060 0.074
2458425.78291 19.068 0.051
2458426.67162 19.041 0.070
2458427.65925 18.840 0.040
2458427.78694 18.900 0.050
2458428.62841 18.840 0.048
2458429.67928 19.094 0.065
2458430.62705 18.897 0.044
2458431.65617 18.942 0.053
2458432.63103 18.895 0.051
2458440.64365 18.965 0.053
2458440.76827 19.168 0.059
2458442.69255 18.867 0.049
2458446.61522 18.928 0.058
2458447.85350 19.081 0.056
2458448.76138 18.961 0.049
2458451.75939 19.022 0.051
2458453.75558 18.925 0.049
2458455.73035 19.020 0.060
2458459.72347 19.033 0.077
2458460.85677 18.806 0.107
2458463.84624 18.988 0.053
2458466.86396 19.226 0.131
2458468.84477 18.911 0.049
2458469.79422 18.911 0.053
2458471.77318 18.917 0.057
2458472.79216 18.998 0.057
2458474.69160 19.080 0.092
2458475.71198 18.905 0.062
2458478.76008 18.987 0.054
2458481.73741 18.908 0.052
2458484.76521 18.969 0.053
2458488.76151 18.970 0.052
2458493.72428 18.989 0.056
2458499.75643 18.997 0.068
2458504.75261 19.087 0.042
2458513.75467 18.904 0.055
2458516.76151 18.921 0.042
2458518.59973 18.939 0.040
2458521.59568 18.904 0.041
2458525.65790 18.940 0.040
2458529.61029 18.964 0.051
2458536.67320 18.891 0.054
2458541.53548 18.820 0.048
2458545.58787 18.929 0.044
2458552.53403 18.838 0.069
2458559.54252 18.975 0.070
2458563.55385 19.002 0.067
2458568.54642 18.861 0.043
2458575.50483 18.978 0.071
2458582.50370 18.914 0.059
2458587.51185 18.808 0.060
2458602.48483 18.891 0.043
2458702.93752 18.918 0.098
2458711.92288 19.133 0.090
2458716.89615 18.950 0.058
2458725.87376 18.901 0.056
2458728.86634 18.945 0.044
2458736.87624 18.855 0.056
2458739.86773 18.900 0.077
2458741.85930 19.049 0.075
2458747.88343 18.986 0.072
2458753.88167 19.165 0.070
2458758.87390 18.895 0.063
2458762.89587 18.940 0.155
2458767.84278 18.928 0.058
2458774.81905 18.951 0.068
2458777.80425 18.941 0.065
2458785.74708 18.932 0.051
2458796.73616 18.971 0.060
2458799.73472 19.219 0.103
2458802.75393 18.986 0.052
2458805.76876 18.883 0.057
2458823.70384 19.001 0.047
2458830.71108 18.874 0.052
2458834.70389 18.942 0.056
2458838.72888 18.992 0.047
2458842.71916 18.906 0.039
2458846.68133 18.990 0.046
2458851.67134 18.931 0.047
2458857.71752 18.925 0.069
2458862.74667 19.016 0.091
2458871.54304 18.995 0.065
2458879.65569 18.955 0.051
2458889.58989 18.988 0.065
2458897.60178 18.984 0.047
2458904.58066 18.904 0.051
2458910.61507 18.864 0.055
2458916.57588 18.908 0.060
2458921.57726 18.961 0.067
2459813.91456 19.021 0.071
2459819.86431 18.927 0.049
2459825.84114 18.887 0.074
2459835.83795 18.830 0.062
2459842.86673 18.887 0.074
2459847.85741 19.036 0.060
2459852.83802 19.009 0.053
2459855.83275 18.915 0.050
2459856.80651 19.192 0.071
2459856.82047 18.995 0.059
2459856.83521 19.008 0.063
2459856.84917 19.171 0.082
2459858.77658 18.789 0.065
2459858.84459 18.946 0.056
2459858.85856 18.923 0.047
2459858.87279 18.895 0.043
2459858.88724 18.876 0.056
2459861.73645 19.032 0.094
2459861.75046 19.033 0.102
2459861.79513 18.961 0.070
2459861.80911 18.894 0.069
2459861.82366 18.941 0.067
2459861.83765 18.847 0.067
2459861.85182 18.926 0.064
2459861.86868 18.862 0.058
2459861.88273 18.916 0.076
2459862.74046 18.852 0.105
2459862.75440 18.950 0.095
2459862.76844 18.921 0.109
2459862.78241 18.894 0.096
2459862.79652 18.824 0.083
2459862.81122 18.942 0.081
2459862.82539 18.808 0.075
2459862.83933 18.854 0.078
2459862.85354 18.944 0.073
2459862.86746 19.030 0.090
2459862.88159 18.940 0.112
2459863.71704 18.767 0.082
2459863.73101 18.880 0.094
2459863.74516 18.929 0.099
2459863.75912 18.855 0.093
2459863.77368 18.833 0.080
2459863.78767 18.883 0.063
2459863.80184 18.882 0.059
2459863.81584 18.918 0.069
2459863.82999 18.837 0.060
2459863.84476 18.898 0.056
2459863.85926 19.012 0.064
2459863.87318 19.006 0.064
2459864.70529 18.974 0.076
2459864.71963 18.964 0.072
2459864.73382 19.092 0.076
2459864.75020 19.104 0.079
2459864.76444 18.996 0.071
2459865.70776 18.982 0.069
2459865.72176 18.932 0.067
2459865.74217 18.886 0.062
2459865.75617 18.958 0.058
2459865.77035 18.948 0.057
2459865.78446 18.907 0.059
2459865.81663 18.867 0.049
2459865.83067 18.908 0.050
2459865.84483 18.901 0.048
2459865.85885 18.895 0.049
2459865.87306 18.897 0.049
2459866.70752 18.978 0.068
2459866.72155 18.902 0.055
2459866.73588 18.947 0.053
2459866.74984 18.977 0.053
2459866.76406 18.900 0.050
2459866.77810 18.937 0.050
2459866.79219 18.939 0.049
2459866.80623 18.916 0.046
2459866.82079 18.936 0.048
2459866.83485 18.901 0.046
2459866.84935 18.985 0.049
2459866.86344 18.926 0.049
2459866.87762 18.810 0.054
2459867.70507 18.867 0.048
2459867.71916 18.912 0.050
2459867.73330 18.897 0.047
2459867.74731 18.880 0.048
2459867.76151 18.911 0.048
2459867.77556 18.914 0.046
2459867.78982 18.928 0.049
2459867.80392 18.964 0.050
2459867.81862 18.955 0.050
2459867.83279 18.947 0.050
2459867.84711 19.003 0.051
2459867.86114 18.954 0.050
2459867.87532 19.102 0.062
2459868.69833 19.020 0.059
2459868.71244 19.156 0.068
2459868.72676 19.065 0.057
2459868.74076 19.025 0.060
2459868.75519 19.034 0.051
2459868.76923 19.178 0.057
2459868.78334 19.157 0.057
2459868.79734 19.056 0.053
2459868.81207 18.993 0.051
2459868.82602 18.935 0.044
2459868.85776 19.001 0.044
2459868.87178 18.884 0.046
2459869.69503 18.961 0.055
2459869.70893 18.903 0.052
2459869.72309 18.938 0.053
2459869.73747 18.988 0.057
2459869.75175 18.859 0.050
2459869.76571 18.945 0.056
2459869.78102 18.944 0.050
2459869.79496 18.999 0.053
2459869.81064 18.932 0.050
2459869.82460 18.958 0.049
2459869.83889 18.874 0.047
2459869.85283 18.943 0.053
2459869.86724 18.925 0.051
2459869.88119 19.017 0.102
2459870.69577 18.964 0.057
2459870.70976 18.916 0.051
2459870.72395 18.908 0.050
2459870.73789 18.928 0.048
2459870.75210 18.858 0.044
2459870.76612 18.875 0.046
2459870.78047 18.980 0.052
2459870.79445 18.938 0.052
2459870.80901 18.926 0.048
2459870.82297 18.939 0.051
2459870.83724 18.913 0.054
2459870.85123 18.968 0.053
2459870.86545 18.932 0.055
2459870.87942 18.942 0.100
2459871.69567 18.871 0.067
2459871.70975 18.972 0.064
2459871.72385 18.912 0.061
2459871.73781 18.941 0.068
2459871.75193 18.844 0.062
2459871.76593 18.929 0.064
2459871.78029 18.862 0.060
2459871.79428 18.949 0.062
2459871.81421 19.045 0.074
2459871.82815 19.113 0.077
2459871.84476 19.117 0.075
2459871.85877 19.016 0.065
2459871.87292 19.198 0.109
2459872.71855 19.182 0.092
2459872.73312 19.192 0.096
2459872.74714 19.052 0.077
2459872.76132 19.050 0.074
2459872.77532 19.080 0.084
2459872.78947 18.887 0.063
2459872.80346 19.118 0.089
2459872.81833 18.985 0.085
2459873.68369 18.903 0.059
2459873.69810 18.950 0.059
2459873.71230 18.902 0.054
2459873.72632 19.034 0.057
2459873.75538 18.876 0.047
2459873.76941 18.921 0.047
2459873.78744 18.912 0.044
2459873.80149 18.900 0.046
2459873.81570 18.934 0.047
2459873.82971 18.940 0.048
2459873.84408 18.861 0.048
2459873.86182 18.862 0.043
2459873.87598 19.033 0.095
2459874.68029 18.846 0.052
2459874.69427 18.860 0.042
2459874.70847 18.954 0.046
2459874.72249 18.816 0.039
2459874.73673 18.952 0.044
2459874.75082 18.980 0.041
2459874.76507 18.899 0.037
2459874.77907 18.935 0.038
2459874.79383 18.908 0.039
2459874.80782 18.872 0.040
2459874.82201 18.956 0.043
2459874.83602 18.840 0.038
2459874.85038 18.984 0.042
2459874.86448 18.923 0.042
2459875.68135 18.901 0.065
2459875.69725 19.006 0.068
2459875.71153 18.903 0.071
2459875.72554 18.966 0.062
2459875.73989 18.951 0.054
2459875.75388 19.043 0.058
2459875.76810 19.072 0.059
2459875.78210 19.026 0.055
2459875.79705 19.119 0.069
2459875.81101 19.160 0.063
2459875.82510 19.042 0.054
2459875.86642 19.169 0.062
2459876.70266 18.962 0.052
2459876.71658 19.048 0.054
2459876.73074 19.047 0.050
2459876.74500 18.960 0.047
2459876.75920 18.973 0.046
2459876.77317 18.939 0.043
2459876.78727 18.970 0.044
2459876.80162 18.984 0.046
2459876.81656 18.935 0.044
2459876.83053 18.934 0.043
2459876.85894 18.923 0.044
2459876.87319 18.989 0.091
2459877.68126 18.922 0.072
2459877.69523 18.957 0.064
2459877.70935 18.980 0.063
2459877.72337 19.017 0.058
2459877.73758 18.807 0.051
2459877.75154 18.918 0.057
2459877.76582 18.928 0.056
2459877.77982 18.886 0.054
2459877.79490 18.825 0.053
2459877.80889 18.886 0.058
2459878.67843 19.025 0.088
2459878.69269 18.913 0.064
2459878.70706 18.806 0.059
2459878.73997 18.875 0.075
2459878.77221 18.900 0.069
2459878.78622 18.928 0.067
2459878.80049 19.054 0.076
2459878.81738 19.053 0.067
2459878.83219 18.981 0.073
2459878.84619 19.072 0.075
2459878.86039 18.997 0.056
2459878.87443 18.839 0.085
2459879.70760 18.915 0.051
2459879.72160 19.057 0.054
2459879.75092 19.056 0.057
2459879.76493 18.974 0.054
2459879.77967 19.042 0.052
2459879.79375 19.177 0.057
2459879.80871 19.085 0.053
2459879.82268 19.014 0.049
2459879.83697 19.066 0.050
2459879.85132 18.996 0.043
2459879.86561 18.990 0.055
2459880.66353 18.908 0.057
2459880.67757 19.012 0.061
2459880.69196 19.013 0.062
2459880.70608 18.967 0.057
2459880.72023 18.898 0.047
2459880.73438 18.961 0.048
2459880.74865 19.089 0.057
2459880.76335 18.861 0.053
2459880.77827 18.905 0.054
2459880.79229 18.893 0.058
2459880.80648 18.897 0.052
2459880.82058 18.928 0.054
2459880.83489 18.986 0.053
2459880.84901 18.893 0.049
2459880.86334 18.859 0.051
2459881.67328 18.861 0.057
2459881.68743 18.982 0.063
2459881.70216 18.885 0.051
2459881.71666 18.930 0.046
2459881.73099 18.840 0.042
2459881.74498 18.856 0.044
2459881.75932 18.886 0.051
2459881.77335 18.932 0.054
2459881.78832 18.992 0.057
2459881.80244 18.980 0.051
2459881.81688 18.869 0.047
2459881.83089 18.875 0.052
2459881.84512 18.927 0.047
2459881.85910 18.866 0.049
2459882.66673 18.937 0.051
2459882.68076 18.960 0.048
2459882.69494 18.869 0.043
2459882.70890 19.024 0.051
2459882.73813 18.845 0.044
2459882.75279 18.960 0.046
2459882.76698 18.872 0.042
2459882.78138 18.874 0.044
2459882.79601 18.878 0.044
2459882.80997 18.891 0.046
2459883.66889 19.049 0.069
2459883.68288 18.954 0.063
2459883.69712 19.077 0.072
2459883.72542 19.072 0.069
2459883.73944 19.064 0.069
2459883.75357 19.133 0.075
2459883.76756 19.213 0.087
2459883.78228 19.035 0.075
2459883.81360 18.951 0.064
2459883.82764 19.000 0.061
2459883.84198 19.018 0.057
2459883.85600 19.039 0.070
2459884.65624 19.075 0.085
2459884.67019 18.897 0.070
2459884.68443 19.027 0.072
2459884.80936 18.919 0.060
2459884.82353 18.939 0.056
2459884.83758 18.959 0.053
2459884.85189 18.809 0.050
2459885.64919 18.911 0.072
2459885.66325 18.822 0.053
2459885.67753 18.892 0.059
2459885.69159 18.824 0.059
2459885.70607 18.924 0.057
2459885.72007 18.920 0.063
2459885.73432 18.908 0.058
2459885.74832 18.914 0.061
2459885.76329 18.984 0.064
2459885.77734 18.856 0.058
2459885.79151 18.865 0.057
2459885.80549 18.919 0.060
2459885.81973 18.894 0.062
2459885.83372 18.874 0.056
2459885.84787 18.917 0.057
2459886.71096 18.917 0.053
2459886.72487 18.863 0.047
2459886.73988 18.898 0.048
2459886.75385 18.934 0.049
2459886.76893 19.000 0.054
2459886.78291 18.984 0.049
2459886.79717 18.911 0.044
2459886.81113 19.027 0.048
2459886.82641 19.052 0.054
2459886.84065 19.128 0.055
2459886.85514 19.113 0.061
2459887.66113 18.882 0.061
2459887.67549 19.128 0.074
2459887.68976 19.064 0.075
2459887.70375 19.130 0.071
2459887.71787 19.080 0.069
2459887.73190 19.056 0.064
2459887.74618 19.107 0.074
2459887.76051 19.159 0.077
2459887.77538 19.019 0.068
2459887.78934 19.064 0.061
2459887.80356 18.901 0.057
2459887.81764 18.963 0.053
2459887.83194 18.955 0.049
2459887.84649 18.946 0.052
2459887.86132 18.965 0.068
2459888.65681 18.859 0.061
2459888.67111 18.847 0.057
2459888.68541 18.994 0.058
2459888.69995 18.994 0.067
2459888.71424 18.956 0.071
2459888.72817 18.994 0.072
2459888.74248 18.858 0.057
2459888.75646 18.904 0.059
2459888.77129 18.897 0.069
2459888.78529 18.850 0.055
2459888.79964 18.911 0.060
2459888.81376 18.999 0.059
2459888.82813 18.865 0.052
2459888.84219 18.812 0.049
2459888.85714 18.853 0.049
2459889.69483 18.976 0.070
2459889.71745 18.884 0.065
2459889.73166 18.845 0.075
2459889.74604 18.890 0.069
2459889.76013 18.983 0.069
2459889.77423 18.988 0.074
2459889.78849 18.875 0.057
2459889.80310 18.866 0.062
2459889.81813 18.832 0.058
2459889.83217 18.882 0.054
2459889.84646 18.910 0.054
2459889.86111 18.885 0.064
2459893.66518 18.809 0.058
2459893.67915 18.981 0.070
2459893.69351 18.902 0.064
2459893.70750 18.891 0.054
2459893.72184 18.895 0.058
2459893.73596 18.898 0.056
2459893.75040 18.868 0.054
2459893.76456 18.901 0.051
2459895.64547 19.037 0.098
2459895.65956 18.971 0.077
2459895.67385 19.036 0.074
2459895.68793 18.939 0.063
2459895.70234 19.163 0.076
2459895.71640 19.023 0.090
2459895.73077 19.013 0.098
2459897.66141 18.962 0.070
2459897.67551 18.844 0.067
2459897.68981 18.938 0.065
2459897.70390 18.842 0.060
2459897.71820 18.973 0.062
2459897.73225 18.929 0.057
2459897.74654 18.858 0.050
2459897.76053 19.007 0.065
2459897.77479 18.978 0.058
2459897.78874 18.942 0.050
2459897.80296 18.849 0.049
2459897.81824 18.954 0.048
2459897.83250 18.940 0.051
2459897.84649 18.955 0.051
2459897.86085 18.950 0.081
2459898.63182 18.948 0.051
2459898.64692 19.077 0.056
2459898.66199 18.946 0.052
2459898.67607 18.914 0.048
2459898.69035 18.973 0.050
2459898.70445 19.050 0.052
2459898.73759 19.108 0.048
2459898.75166 19.041 0.047
2459898.76603 19.071 0.047
2459898.78641 19.088 0.051
2459898.80256 19.142 0.056
2459898.81652 18.985 0.046
2459898.83088 19.029 0.049
2459898.84487 18.882 0.046
2459898.85917 19.038 0.098
2459899.65526 18.990 0.057
2459899.66927 18.980 0.056
2459899.68344 19.015 0.058
2459899.69741 18.931 0.052
2459899.71170 18.985 0.055
2459899.72562 18.927 0.047
2459899.73998 18.883 0.047
2459899.75388 18.989 0.054
2459899.76819 18.908 0.048
2459899.78212 18.945 0.050
2459899.79638 18.959 0.051
2459899.81035 18.904 0.046
2459899.82470 18.923 0.048
2459899.83869 18.923 0.050
2459899.85292 18.887 0.057
2459900.64030 18.864 0.064
2459900.65432 18.947 0.053
2459900.66894 18.974 0.049
2459900.68286 18.814 0.043
2459900.69984 18.911 0.046
2459900.71383 18.915 0.050
2459900.72807 18.928 0.049
2459900.74205 18.848 0.040
2459900.75637 18.913 0.042
2459900.77036 18.997 0.042
2459900.78455 18.929 0.049
2459900.79853 18.840 0.041
2459900.81288 18.884 0.046
2459900.82684 18.934 0.048
2459900.84116 18.846 0.042
2459900.85509 18.983 0.059
2459901.63165 18.766 0.068
2459901.64565 18.896 0.054
2459901.65982 18.891 0.052
2459901.67393 18.879 0.051
2459901.68827 18.894 0.047
2459901.70228 19.032 0.054
2459901.71654 18.966 0.046
2459901.73055 18.936 0.043
2459901.74485 18.898 0.043
2459901.75887 19.032 0.048
2459901.77318 18.960 0.043
2459901.78762 18.982 0.047
2459901.80197 18.948 0.051
2459901.81599 18.897 0.044
2459901.83035 19.060 0.048
2459901.84445 18.951 0.048
2459901.85875 19.067 0.097
2459902.62791 18.985 0.068
2459902.64199 19.007 0.070
2459902.65627 18.932 0.060
2459902.67028 19.076 0.071
2459902.68466 18.984 0.058
2459902.69867 19.080 0.057
2459902.71305 19.176 0.060
2459902.72717 19.042 0.053
2459902.74177 19.091 0.055
2459902.75590 19.160 0.062
2459902.77034 19.007 0.051
2459902.78434 19.072 0.058
2459902.79887 19.036 0.050
2459902.81295 19.068 0.054
2459902.84524 18.970 0.054
2459902.85924 19.057 0.074
2459903.63361 18.833 0.059
2459903.64764 19.057 0.074
2459903.66376 18.971 0.055
2459903.67778 18.987 0.059
2459903.69199 18.846 0.052
2459903.70600 18.916 0.053
2459903.72026 18.911 0.053
2459903.73418 18.930 0.057
2459903.74841 18.789 0.052
2459903.76241 18.898 0.054
2459903.77680 18.897 0.050
2459903.79071 18.943 0.051
2459903.80490 18.957 0.049
2459903.81887 18.828 0.043
2459903.83321 18.842 0.042
2459903.84719 18.899 0.043
2459903.86146 18.870 0.055
2459904.62144 19.013 0.064
2459904.63548 18.873 0.054
2459904.64981 18.911 0.055
2459904.66386 18.903 0.051
2459904.68318 18.938 0.049
2459904.69725 18.918 0.048
2459905.61288 18.868 0.049
2459905.62683 18.857 0.050
2459905.64126 18.904 0.049
2459905.65517 18.933 0.046
2459905.66933 18.899 0.044
2459905.68332 19.019 0.054
2459905.69761 18.977 0.048
2459905.71159 18.953 0.050
2459905.72585 18.991 0.050
2459905.73983 18.917 0.055
2459905.75405 18.894 0.048
2459905.76807 18.916 0.044
2459905.78234 19.009 0.044
2459905.79630 18.905 0.041
2459905.81045 18.984 0.043
2459905.82448 18.964 0.042
2459905.83873 19.086 0.050
2459905.85269 19.092 0.089
2459906.61409 18.983 0.075
2459906.62812 19.138 0.082
2459906.64306 18.979 0.068
2459906.65707 19.076 0.082
2459906.67136 19.044 0.079
2459906.68535 19.181 0.100
2459906.69973 19.073 0.082
2459906.71421 19.002 0.072
2459906.72845 19.072 0.064
2459906.74245 19.148 0.067
2459906.77426 18.973 0.046
2459906.78834 18.989 0.049
2459906.80255 18.938 0.050
2459906.81661 18.976 0.052
2459906.83175 18.941 0.053
2459906.84573 18.870 0.049
2459907.60154 18.906 0.054
2459907.61557 18.880 0.052
2459907.62980 19.029 0.058
2459907.64382 18.840 0.049
2459907.65807 19.042 0.055
2459907.67209 18.809 0.046
2459907.68645 18.934 0.055
2459907.70058 19.066 0.060
2459907.71491 18.924 0.051
2459907.72903 18.876 0.049
2459907.74331 18.964 0.050
2459907.75738 18.967 0.054
2459907.77163 18.951 0.046
2459907.79498 18.752 0.048
2459907.80954 18.975 0.052
2459907.82354 18.839 0.049
2459907.83776 18.992 0.051
2459907.85178 18.885 0.070
2459908.60394 18.810 0.063
2459908.61791 18.959 0.078
2459908.63223 18.884 0.073
2459908.64619 18.852 0.063
2459908.66050 18.904 0.061
2459908.67445 18.845 0.050
2459908.68879 18.915 0.054
2459908.70274 18.927 0.058
2459908.71675 18.993 0.057
2459908.73077 18.826 0.051
2459908.74510 18.911 0.056
2459908.75909 18.968 0.049
2459908.77335 18.985 0.051
2459908.78731 18.838 0.046
2459908.80149 18.873 0.042
2459908.81550 18.931 0.048
2459908.82977 18.892 0.049
2459908.84381 18.846 0.048
2459908.85802 18.813 0.082
2459909.66080 19.049 0.071
2459909.76838 18.968 0.049
2459909.79072 19.077 0.046
2459909.80472 19.107 0.049
2459909.81908 19.046 0.043
2459909.83302 19.058 0.044
2459909.85766 19.089 0.075
2459910.60404 19.108 0.092
2459910.61805 19.108 0.068
2459910.65112 19.098 0.078
2459910.66512 18.985 0.062
2459910.67951 19.090 0.069
2459910.69349 19.081 0.054
2459910.70785 19.012 0.043
2459910.72191 18.987 0.046
2459910.73623 18.955 0.042
2459910.75020 18.961 0.043
2459910.76829 18.947 0.049
2459910.78224 18.913 0.036
2459910.79651 18.935 0.040
2459910.81054 19.019 0.051
2459910.84276 18.898 0.048
2459910.85684 18.953 0.105
2459911.60974 18.981 0.064
2459911.62403 18.937 0.057
2459911.63828 18.951 0.072
2459911.65230 18.909 0.049
2459911.66661 19.010 0.054
2459911.68070 18.987 0.057
2459911.69500 18.795 0.051
2459911.70898 18.931 0.058
2459911.72942 18.888 0.043
2459911.74356 18.894 0.034
2459911.75775 18.875 0.037
2459911.77188 18.896 0.036
2459911.78617 18.912 0.033
2459911.80023 18.867 0.033
2459911.81672 18.911 0.035
2459911.83080 18.815 0.040
2459911.84501 18.893 0.041
2459912.59801 18.833 0.057
2459912.61204 18.933 0.056
2459912.62645 18.916 0.048
2459912.64049 18.900 0.046
2459912.65486 18.826 0.042
2459912.66894 18.907 0.046
2459912.68337 18.912 0.044
2459912.69741 18.940 0.050
2459912.71204 18.919 0.046
2459912.72609 18.851 0.046
2459912.74055 18.900 0.050
2459912.75453 19.005 0.055
2459912.76876 18.961 0.050
2459912.78273 18.916 0.044
2459912.79707 18.922 0.044
2459912.81111 18.954 0.048
2459912.82533 18.999 0.057
2459912.83921 18.967 0.054
2459912.85332 18.970 0.063
2459913.57473 18.877 0.052
2459913.58871 19.030 0.062
2459913.60311 18.981 0.057
2459913.61708 18.952 0.056
2459913.63290 18.921 0.053
2459913.64686 18.966 0.065
2459913.66125 18.831 0.051
2459913.67518 18.962 0.052
2459913.68944 19.081 0.057
2459913.70339 19.105 0.058
2459913.71759 19.028 0.049
2459913.73155 18.988 0.048
2459913.74617 19.018 0.056
2459913.76012 19.151 0.061
2459913.77456 19.101 0.065
2459913.78855 19.099 0.052
2459913.80273 19.110 0.054
2459913.81678 19.191 0.073
2459913.83103 19.175 0.058
2459913.84622 19.062 0.076
2459914.62951 19.071 0.069
2459914.65812 19.009 0.068
2459914.67212 19.045 0.061
2459914.69291 18.978 0.055
2459914.70780 18.956 0.052
2459914.72467 18.985 0.056
2459914.73865 18.904 0.050
2459914.76331 18.941 0.052
2459914.77731 18.979 0.053
2459914.79153 18.949 0.050
2459914.80622 19.009 0.052
2459914.82616 18.910 0.051
2459914.84009 19.009 0.054
2459915.58647 18.920 0.082
2459915.60047 18.876 0.063
2459915.61556 18.843 0.058
2459915.62997 18.791 0.051
2459915.64438 18.907 0.055
2459915.65890 18.992 0.059
2459915.70426 18.979 0.069
2459915.71828 18.973 0.070
2459915.73283 18.793 0.053
2459915.74692 18.878 0.052
2459915.76220 18.925 0.046
2459915.77627 18.901 0.042
2459915.79110 18.885 0.043
2459915.80511 18.827 0.047
2459915.82084 18.985 0.047
2459915.83489 18.879 0.042
2459915.85145 18.944 0.074
2459916.58404 18.952 0.073
2459916.60019 18.958 0.065
2459916.61447 18.802 0.052
2459916.62850 18.825 0.056
2459916.64332 18.875 0.058
2459916.65739 19.024 0.062
2459916.67243 18.897 0.059
2459916.70356 18.825 0.051
2459916.71843 18.941 0.057
2459916.73284 18.893 0.051
2459916.74787 19.007 0.055
2459916.76211 18.948 0.049
2459916.77608 18.942 0.048
2459916.83134 18.959 0.047
2459916.84523 18.936 0.051
2459917.58212 18.876 0.055
2459917.59695 18.944 0.067
2459917.61120 18.971 0.061
2459917.62521 18.952 0.057
2459917.66125 18.887 0.051
2459917.67706 19.057 0.058
2459917.69104 18.982 0.050
2459917.70557 19.123 0.060
2459917.72110 19.093 0.056
2459917.73590 19.017 0.051
2459917.74987 19.151 0.054
2459917.76502 19.076 0.051
2459917.78181 19.099 0.049
2459917.79615 19.065 0.047
2459917.81194 19.016 0.046
2459917.83472 19.012 0.046
2459917.84922 18.925 0.058
2459918.57375 19.158 0.087
2459918.58777 18.919 0.068
2459918.60357 18.998 0.064
2459918.61830 18.872 0.053
2459918.65637 18.898 0.056
2459918.67070 18.992 0.062
2459918.68477 18.930 0.062
2459918.69971 18.974 0.058
2459918.71615 19.069 0.067
2459918.73058 18.886 0.049
2459918.74588 18.945 0.056
2459918.76030 18.981 0.054
2459918.77577 18.929 0.049
2459918.81621 18.827 0.046
2459918.84151 18.917 0.049
2459919.58407 19.029 0.093
2459919.59848 19.012 0.071
2459919.61282 19.041 0.077
2459919.62683 18.997 0.080
2459919.64097 18.853 0.068
2459919.65543 18.894 0.063
2459919.66970 18.919 0.063
2459919.69927 18.852 0.059
2459919.73494 18.929 0.059
2459919.78380 18.861 0.060
2459919.79927 18.949 0.064
2459919.81932 18.889 0.051
2459919.83552 18.997 0.058
2459919.84982 18.962 0.075
2459920.58372 18.899 0.061
2459920.59777 18.907 0.068
2459920.61228 19.008 0.072
2459920.62674 18.858 0.056
2459920.64202 18.884 0.061
2459920.65702 18.914 0.062
2459920.67151 18.816 0.054
2459920.68562 18.926 0.056
2459920.70106 18.844 0.054
2459920.71542 18.899 0.053
2459920.73097 18.902 0.060
2459920.74608 18.960 0.071
2459921.62584 18.992 0.078
2459921.63997 19.123 0.077
2459921.65448 19.051 0.089
2459921.66868 19.179 0.090
2459921.68315 19.037 0.075
2459921.69777 19.200 0.077
2459921.71325 19.017 0.083
2459921.72762 18.999 0.065
2459921.74161 19.139 0.076
2459921.75664 19.046 0.090
2459921.77062 19.118 0.075
2459921.78575 18.874 0.065
2459921.79975 19.031 0.085
2459921.81483 18.893 0.075
2459921.83115 18.898 0.067
2459921.84541 18.891 0.061
2459922.58550 19.065 0.093
2459922.65649 18.915 0.067
2459922.67047 18.871 0.073
2459922.69460 18.859 0.063
2459923.57783 18.880 0.063
2459923.59305 18.930 0.071
2459923.60826 18.950 0.062
2459923.62307 18.880 0.053
2459923.63781 18.862 0.058
2459923.66757 18.958 0.063
2459923.68150 18.823 0.061
2459923.69584 18.882 0.058
2459923.71043 18.867 0.085
2459923.81097 18.999 0.061
2459923.82492 18.805 0.070
2459923.83950 18.934 0.073
2459923.85348 18.997 0.095
2459924.57543 18.931 0.063
2459924.59012 18.876 0.051
2459924.62549 18.855 0.061
2459924.63946 18.821 0.072
2459924.76230 18.852 0.067
2459925.56757 18.974 0.063
2459925.59208 19.101 0.062
2459925.60628 19.092 0.060
2459925.62179 19.051 0.061
2459925.63589 19.134 0.064
2459925.65025 19.116 0.061
2459925.66459 19.056 0.059
2459925.70867 19.130 0.067
2459925.72303 18.929 0.079
2459925.73704 19.162 0.085
2459925.75127 18.991 0.077
2459925.76529 18.882 0.079
2459925.78015 18.981 0.097
2459926.56332 18.978 0.088
2459926.57734 18.988 0.075
2459926.60180 18.951 0.079
2459926.61585 18.932 0.073
2459926.63083 18.929 0.057
2459926.64562 18.834 0.061
2459926.67454 19.048 0.079
2459926.77751 18.877 0.067
2459926.79312 18.983 0.071
2459926.80726 18.945 0.079
2459927.56623 18.888 0.051
2459927.58092 18.915 0.048
2459927.59791 18.950 0.056
2459927.61266 18.902 0.051
2459927.62749 18.917 0.040
2459927.64357 18.886 0.046
2459927.66376 18.908 0.047
2459927.67776 18.876 0.043
2459927.69201 18.957 0.049
2459927.70594 18.960 0.053
2459927.72031 18.944 0.061
2459927.74945 18.952 0.050
2459927.76397 18.942 0.050
2459927.79344 18.989 0.053
2459928.56522 18.899 0.048
2459928.59074 18.927 0.043
2459928.60487 18.946 0.039
2459928.61880 18.971 0.041
2459928.63663 18.934 0.038
2459928.65598 18.957 0.039
2459928.67356 18.976 0.039
2459928.68789 18.938 0.036
2459928.70243 18.945 0.039
2459928.71730 18.895 0.041
2459928.73257 18.907 0.041
2459928.76949 18.983 0.046
2459928.78402 19.135 0.056
2459928.79799 19.047 0.050
2459928.81233 19.098 0.051
2459928.82670 19.036 0.050
2459928.84131 19.096 0.064
2459928.85530 18.958 0.092
2459929.55460 19.188 0.080
2459929.56924 19.145 0.082
2459929.65830 19.064 0.058
2459929.67299 19.111 0.058
2459929.68695 18.981 0.047
2459929.72748 18.925 0.042
2459929.74145 19.068 0.051
2459929.76306 18.948 0.046
2459929.77747 18.915 0.047
2459929.79339 18.876 0.043
2459929.80763 18.924 0.047
2459929.82372 19.062 0.055
2459929.83771 18.879 0.069
2459929.85231 18.913 0.075
2459930.55043 18.904 0.052
2459930.56443 18.919 0.052
2459930.57911 19.013 0.058
2459930.59305 18.916 0.069
2459930.60765 18.888 0.076
2459930.62165 19.069 0.070
2459930.64972 18.963 0.053
2459930.66440 18.934 0.053
2459930.67845 18.927 0.056
2459930.69276 18.934 0.079
2459930.70683 18.932 0.055
2459930.72190 18.926 0.059
2459930.73589 18.892 0.047
2459930.75065 18.809 0.043
2459930.76648 18.850 0.046
2459930.78888 18.916 0.051
2459930.80289 18.887 0.043
2459930.83935 18.808 0.046
2459931.55271 18.992 0.063
2459931.56722 18.905 0.053
2459931.58210 18.859 0.049
2459931.60613 18.922 0.049
2459931.62018 18.871 0.052
2459931.63571 18.862 0.050
2459931.65050 18.863 0.044
2459931.66475 18.933 0.048
2459931.67877 18.889 0.042
2459931.69286 18.906 0.042
2459931.70681 18.861 0.040
2459931.72507 18.877 0.039
2459931.73990 18.920 0.038
2459931.75454 18.926 0.041
2459931.76849 18.896 0.040
2459931.79257 18.946 0.041
2459931.80656 18.918 0.040
2459931.82091 18.921 0.039
2459931.83488 19.038 0.047
2459931.84937 18.986 0.052
2459932.53984 19.025 0.097
2459932.55477 19.066 0.078
2459932.58549 18.912 0.056
2459932.60750 18.991 0.052
2459932.62145 18.980 0.046
2459932.63583 18.936 0.048
2459932.64984 18.953 0.047
2459932.66558 18.976 0.046
2459932.67954 18.972 0.047
2459932.69441 18.900 0.053
2459932.70840 19.022 0.054
2459932.72307 19.070 0.056
2459932.73705 19.125 0.060
2459932.77019 19.177 0.075
2459932.79888 19.174 0.059
2459932.81340 19.073 0.055
2459932.82745 19.104 0.062
2459932.84176 19.024 0.059
2459933.54175 19.077 0.096
2459933.55573 19.119 0.071
2459933.57024 19.109 0.057
2459933.58423 19.155 0.056
2459933.60228 19.083 0.064
2459933.61718 18.968 0.061
2459933.63140 19.012 0.071
2459933.64539 19.066 0.070
2459933.65990 18.951 0.055
2459933.67592 18.936 0.055
2459933.71045 19.056 0.055
2459933.72439 18.968 0.047
2459933.74044 18.894 0.040
2459933.75442 18.894 0.039
2459933.80207 18.930 0.041
2459933.82625 18.871 0.044
2459933.84052 19.022 0.051
2459934.53835 19.100 0.102
2459934.55241 18.889 0.056
2459934.56704 19.013 0.049
2459934.58264 18.867 0.041
2459934.59745 18.822 0.039
2459934.61150 18.866 0.040
2459934.63026 18.891 0.044
2459934.64478 18.910 0.046
2459934.65880 18.944 0.055
2459934.67355 18.854 0.039
2459934.68755 18.907 0.041
2459934.70212 18.975 0.042
2459934.71615 18.884 0.040
2459934.73195 18.913 0.042
2459934.74927 18.847 0.036
2459934.76841 18.907 0.039
2459934.79360 18.955 0.039
2459934.80828 18.819 0.035
2459934.82912 18.914 0.039
2459934.84330 18.874 0.041
2459935.54065 18.988 0.075
2459935.55460 18.930 0.053
2459935.56890 18.800 0.047
2459935.58288 18.907 0.054
2459935.59722 18.876 0.057
2459935.62639 18.900 0.042
2459935.64029 18.901 0.044
2459935.65487 18.936 0.046
2459935.66889 18.965 0.044
2459935.68329 18.874 0.043
2459935.69723 18.923 0.047
2459935.71272 18.941 0.044
2459935.73296 18.937 0.037
2459935.74811 18.920 0.038
2459935.76203 18.956 0.038
2459935.77634 18.887 0.039
2459935.79097 18.963 0.042
2459935.80603 18.942 0.040
2459935.82002 18.926 0.046
2459935.83458 19.030 0.048
2459935.84854 18.964 0.043
2459936.54069 18.893 0.076
2459936.55465 18.940 0.052
2459936.56914 18.940 0.052
2459936.58318 18.886 0.050
2459936.59760 18.886 0.046
2459936.61232 18.915 0.040
2459936.62678 18.967 0.044
2459936.64084 19.022 0.048
2459936.65642 19.099 0.050
2459936.67038 19.050 0.058
2459936.68542 18.965 0.041
2459936.70018 19.120 0.047
2459936.71458 19.094 0.044
2459936.72922 19.107 0.041
2459936.74532 19.154 0.049
2459936.76357 19.052 0.040
2459936.77804 19.036 0.042
2459936.79270 19.100 0.048
2459936.80714 19.079 0.046
2459936.82115 18.982 0.041
2459936.83562 19.012 0.043
2459936.84966 18.938 0.042
2459936.86417 18.914 0.070
2459937.54691 19.019 0.069
2459937.56091 19.054 0.058
2459937.57543 19.049 0.053
2459937.59057 19.112 0.052
2459937.60547 19.009 0.049
2459937.61945 18.983 0.044
2459937.64284 18.984 0.049
2459937.65686 18.893 0.038
2459937.68456 18.934 0.038
2459937.69895 18.987 0.039
2459937.71336 18.946 0.037
2459937.72741 18.908 0.036
2459937.74192 18.945 0.038
2459937.75645 18.890 0.035
2459937.77290 18.874 0.033
2459937.78688 18.929 0.036
2459937.80166 18.994 0.038
2459937.81571 18.995 0.042
2459937.83022 18.891 0.036
2459937.84429 18.935 0.037
2459937.85941 18.760 0.059
2459938.54699 18.929 0.063
2459938.56105 18.909 0.046
2459938.57675 18.892 0.044
2459938.59074 18.913 0.043
2459938.60512 18.874 0.046
2459938.61910 18.900 0.051
2459938.63350 18.904 0.046
2459938.64747 18.879 0.041
2459938.66293 18.883 0.039
2459938.67692 18.900 0.039
2459938.69113 18.933 0.046
2459938.70547 18.909 0.041
2459938.71977 18.887 0.041
2459938.73368 19.014 0.050
2459938.74803 18.891 0.044
2459938.76197 18.942 0.049
2459938.77700 18.878 0.043
2459938.79097 18.973 0.052
2459938.80558 18.965 0.063
2459938.81955 19.011 0.053
2459938.83392 18.908 0.050
2459938.84793 18.886 0.062
2459939.53899 18.967 0.092
2459939.55324 18.997 0.069
2459939.56764 19.000 0.080
2459939.58158 18.870 0.067
2459939.59597 18.970 0.069
2459939.60993 18.926 0.058
2459939.63809 18.846 0.054
2459939.65224 18.961 0.055
2459939.66629 18.957 0.050
2459939.68051 18.990 0.056
2459939.69449 18.905 0.056
2459939.70884 19.011 0.068
2459939.72389 18.828 0.061
2459939.73835 18.991 0.071
2459939.75232 18.900 0.059
2459939.76674 18.896 0.052
2459939.78071 18.980 0.054
2459939.79568 18.873 0.050
2459939.80966 18.927 0.059
2459939.82422 18.970 0.057
2459939.83820 18.999 0.060
2459939.85267 19.216 0.098
2459940.54734 18.929 0.065
2459940.56129 18.966 0.053
2459940.57576 18.927 0.047
2459940.58976 18.990 0.050
2459940.60474 19.094 0.057
2459940.61881 19.026 0.057
2459940.63384 19.054 0.053
2459940.64830 19.159 0.058
2459940.66286 19.095 0.054
2459940.67686 19.177 0.050
2459940.69217 19.032 0.050
2459940.70617 19.162 0.051
2459940.72108 19.044 0.051
2459940.73509 19.062 0.047
2459940.75044 19.080 0.053
2459940.76454 19.087 0.059
2459940.77939 18.948 0.050
2459940.79348 19.055 0.055
2459940.80917 18.815 0.052
2459940.82371 18.955 0.067
2459941.56300 18.963 0.061
2459941.57783 18.981 0.057
2459941.59192 18.892 0.047
2459941.60592 19.033 0.050
2459941.62031 18.924 0.044
2459941.63482 18.864 0.044
2459941.65013 18.908 0.044
2459941.66479 18.989 0.047
2459941.69676 18.915 0.047
2459941.71174 19.037 0.062
2459941.72641 18.888 0.050
2459941.74098 18.879 0.053
2459941.75595 18.839 0.049
2459941.76997 18.995 0.056
2459941.78497 18.816 0.051
2459941.79898 18.947 0.052
2459941.81357 18.883 0.052
2459941.82759 18.883 0.049
2459941.84200 18.910 0.050
2459941.85646 18.844 0.064
2459942.56244 18.901 0.058
2459942.57635 18.986 0.072
2459942.59048 18.903 0.051
2459942.60454 18.871 0.064
2459942.61881 18.909 0.044
2459942.63276 18.924 0.044
2459942.64731 18.903 0.039
2459942.66135 18.924 0.038
2459942.67636 18.848 0.034
2459942.69036 18.836 0.034
2459942.70510 18.882 0.038
2459942.71909 18.885 0.035
2459942.73352 19.002 0.042
2459942.74810 18.884 0.037
2459942.76278 18.892 0.036
2459942.77676 18.919 0.039
2459942.79239 18.910 0.038
2459942.80648 18.962 0.043
2459942.82105 18.925 0.047
2459942.83516 18.925 0.044
2459942.84963 18.887 0.049
2459943.54497 18.865 0.060
2459943.55968 18.831 0.043
2459943.57461 18.928 0.046
2459943.59412 18.876 0.043
2459943.60836 18.871 0.047
2459943.62238 18.877 0.047
2459943.63682 18.878 0.046
2459943.65083 18.910 0.043
2459943.66524 18.969 0.050
2459943.67994 18.935 0.047
2459943.69425 18.990 0.047
2459943.70884 18.909 0.039
2459943.72457 18.917 0.046
2459943.73858 18.994 0.046
2459943.75312 18.921 0.042
2459943.76724 18.948 0.046
2459943.78170 18.979 0.049
2459943.79569 19.019 0.046
2459943.81198 19.124 0.053
2459943.82594 19.078 0.044
2459943.84035 19.191 0.063
2459943.85435 19.126 0.080
2459944.55040 18.830 0.072
2459944.57609 19.030 0.079
2459944.59087 19.081 0.080
2459944.60493 19.099 0.081
2459944.61941 19.144 0.079
2459944.63346 19.194 0.084
2459944.64808 19.180 0.084
2459944.66402 18.961 0.071
2459944.67831 19.051 0.075
2459944.69242 18.935 0.072
2459944.70690 19.024 0.081
2459944.72144 18.961 0.075
2459945.60395 18.901 0.072
2459945.61804 18.896 0.064
2459945.63245 18.900 0.061
2459945.64657 18.885 0.051
2459945.69039 18.775 0.051
2459945.72845 18.926 0.059
2459945.74380 18.905 0.048
2459945.78192 18.950 0.050
2459945.80067 18.946 0.052
2459945.82825 18.880 0.051
2459946.54618 18.778 0.076
2459946.56019 18.891 0.062
2459946.57435 18.773 0.055
2459946.60259 19.048 0.078
2459946.61654 18.911 0.058
2459946.63075 18.947 0.057
2459946.64518 18.893 0.061
2459946.65957 18.898 0.052
2459946.67350 18.903 0.050
2459946.68916 18.934 0.050
2459946.70364 18.858 0.047
2459946.73578 18.909 0.072
2459946.75018 19.013 0.055
2459946.76413 18.971 0.051
2459946.77871 18.926 0.047
2459946.79267 19.014 0.052
2459946.80774 18.942 0.044
2459946.82225 18.994 0.052
2459946.83671 18.959 0.051
2459947.54481 18.885 0.080
2459947.55877 18.984 0.068
2459947.57317 18.990 0.065
2459947.58714 18.995 0.063
2459947.60162 18.973 0.067
2459947.61564 18.888 0.062
2459947.63046 18.945 0.063
2459947.64446 18.783 0.047
2459947.65885 19.097 0.079
2459947.67351 19.017 0.060
2459947.68771 18.980 0.054
2459947.70223 18.940 0.051
2459947.71692 19.108 0.059
2459947.73093 18.981 0.052
2459947.74547 18.958 0.054
2459947.75949 19.072 0.055
2459947.77401 19.096 0.059
2459947.78822 19.011 0.053
2459947.80326 19.149 0.058
2459947.81729 19.034 0.051
2459947.83187 19.133 0.056
2459947.84607 18.983 0.053
2459947.86055 19.153 0.093
2459948.55204 19.197 0.095
2459948.56600 19.136 0.085
2459948.59438 19.088 0.065
2459948.60851 19.120 0.067
2459948.62327 19.050 0.061
2459948.63855 19.084 0.071
2459948.65290 19.013 0.060
2459948.66718 19.129 0.062
2459948.68123 19.080 0.058
2459948.69552 18.840 0.044
2459948.70958 18.931 0.052
2459948.72390 19.068 0.059
2459948.73830 18.929 0.051
2459948.75339 18.870 0.050
2459948.76740 18.955 0.053
2459948.78161 18.992 0.054
2459948.79562 19.000 0.057
2459948.80996 19.016 0.059
2459948.82402 18.944 0.063
2459948.83853 18.850 0.061
2459948.85262 18.828 0.076
2459949.56465 18.951 0.078
2459949.59376 19.024 0.083
2459949.78092 18.852 0.062
2459950.56030 18.840 0.077
2459950.57451 18.948 0.097
2459950.58849 18.836 0.083
2459950.60268 18.980 0.081
2459950.61669 18.788 0.071
2459950.63653 18.790 0.073
2459950.65051 18.919 0.078
2459950.68204 18.958 0.096
2459950.69604 19.066 0.073
2459950.71047 19.047 0.077
2459950.72450 18.934 0.060
2459950.73978 19.055 0.069
2459951.57236 18.862 0.063
2459951.58626 18.843 0.069
2459951.60082 19.017 0.075
2459951.61478 18.961 0.074
2459951.62901 18.971 0.078
2459951.64298 18.901 0.061
2459951.65765 19.057 0.077
2459951.67164 18.979 0.061
2459951.68664 19.030 0.070
2459951.70059 18.987 0.070
2459951.71489 18.969 0.061
2459951.72890 19.155 0.067
2459951.74332 19.111 0.070
2459951.75735 19.093 0.070
2459951.77164 19.090 0.074
2459951.78567 19.167 0.075
2459951.79998 19.076 0.070
2459951.81402 19.093 0.074
2459951.82838 18.950 0.063
2459952.56047 19.200 0.105
2459952.57471 19.143 0.089
2459952.60304 18.953 0.065
2459952.61703 19.062 0.078
2459952.62702 18.974 0.077
2459952.63958 19.009 0.075
2459952.65364 19.008 0.071
2459952.66802 18.938 0.067
2459952.68204 18.849 0.056
2459952.69661 18.976 0.063
2459952.71107 18.923 0.074
2459952.72607 18.868 0.063
2459952.74011 18.936 0.067
2459952.75534 18.972 0.073
2459952.76929 18.883 0.061
2459952.78364 18.910 0.063
2459952.79938 18.875 0.059
2459952.81376 18.996 0.073
2459953.54115 18.871 0.063
2459953.55558 18.924 0.053
2459953.56995 19.001 0.059
2459953.58395 18.931 0.053
2459953.59828 18.953 0.053
2459953.61234 18.878 0.050
2459953.62743 18.931 0.053
2459953.64146 18.886 0.051
2459953.65620 18.955 0.048
2459953.67025 18.880 0.043
2459953.68800 18.839 0.044
2459953.70211 18.975 0.050
2459953.71702 18.942 0.048
2459953.73115 18.860 0.047
2459953.74546 18.937 0.051
2459953.75986 18.843 0.048
2459953.77436 18.841 0.049
2459953.78842 18.771 0.047
2459953.80264 18.837 0.053
2459953.81661 18.956 0.063
2459954.53808 18.813 0.083
2459954.55209 18.900 0.064
2459954.56639 18.849 0.061
2459954.59854 18.937 0.058
2459954.61259 18.893 0.056
2459954.62661 18.878 0.058
2459954.64136 18.914 0.056
2459954.65603 18.864 0.053
2459954.67030 19.005 0.055
2459954.68426 18.968 0.060
2459954.69860 18.912 0.058
2459954.71256 18.864 0.057
2459954.72696 18.919 0.070
2459954.74090 18.959 0.073
2459954.75883 19.028 0.069
2459954.78702 18.959 0.057
2459954.80101 18.902 0.061
2459954.81526 18.949 0.068
2459955.53715 18.852 0.081
2459955.55116 18.965 0.053
2459955.56549 18.908 0.043
2459955.57987 18.962 0.043
2459955.59411 18.911 0.042
2459955.60811 18.977 0.046
2459955.62326 18.970 0.048
2459955.63799 19.025 0.048
2459955.65229 19.014 0.047
2459955.66634 19.097 0.049
2459955.68072 19.032 0.050
2459955.69476 19.064 0.048
2459955.71017 19.140 0.058
2459955.72421 19.141 0.056
2459955.73859 19.031 0.051
2459955.75262 19.029 0.052
2459955.76696 18.952 0.048
2459955.78103 18.958 0.054
2459955.79531 19.015 0.057
2459955.80929 18.937 0.059
2459956.54079 19.099 0.074
2459956.55479 19.085 0.049
2459956.56940 19.024 0.044
2459956.58344 19.034 0.047
2459956.59831 18.975 0.040
2459956.61233 19.027 0.042
2459956.62660 18.832 0.038
2459956.64062 18.857 0.039
2459956.65503 18.878 0.043
2459956.66905 18.989 0.044
2459956.68750 18.930 0.040
2459956.70161 18.962 0.042
2459956.71596 18.900 0.044
2459956.73003 18.928 0.046
2459956.74498 18.955 0.047
2459956.75900 18.881 0.046
2459956.77672 18.943 0.044
2459956.79074 18.880 0.048
2459956.80513 18.903 0.046
2459956.81915 19.002 0.052
2459957.54051 18.872 0.125
2459957.55459 18.881 0.060
2459957.58303 18.842 0.043
2459957.59774 18.996 0.049
2459957.61186 18.976 0.053
2459957.62647 18.864 0.040
2459957.64052 18.970 0.042
2459957.65840 18.901 0.044
2459957.67244 18.845 0.039
2459957.68666 18.855 0.037
2459957.70063 18.854 0.039
2459957.71504 18.953 0.040
2459957.72899 18.937 0.044
2459957.74376 18.933 0.053
2459957.75767 18.909 0.046
2459957.77203 18.965 0.056
2459957.78602 18.889 0.044
2459957.80032 19.019 0.051
2459957.81433 18.903 0.055
2459958.53868 18.997 0.125
2459958.55263 18.926 0.052
2459958.56676 18.872 0.048
2459958.58078 18.856 0.043
2459958.59540 18.912 0.039
2459958.60934 18.963 0.041
2459958.64332 18.917 0.038
2459958.65763 18.968 0.039
2459958.67446 18.993 0.040
2459958.68849 18.974 0.038
2459958.70269 18.992 0.039
2459958.71670 18.958 0.043
2459958.73100 18.930 0.044
2459958.74495 19.050 0.042
2459958.75934 18.949 0.037
2459958.77333 18.911 0.036
2459958.78794 19.000 0.041
2459958.80195 19.062 0.043
2459958.81653 19.072 0.042
2459959.54251 18.923 0.084
2459959.55650 19.063 0.065
2459959.57079 19.004 0.047
2459959.58475 18.976 0.044
2459959.59960 19.040 0.050
2459959.61363 19.149 0.047
2459959.62791 19.065 0.048
2459959.64269 19.056 0.042
2459959.65722 19.068 0.044
2459959.67122 19.036 0.054
2459959.68773 19.139 0.056
2459959.70174 18.935 0.051
2459959.71612 19.166 0.058
2459959.73020 18.925 0.056
2459959.74439 19.004 0.053
2459959.75844 19.058 0.054
2459959.77511 18.922 0.047
2459959.78907 18.987 0.049
2459959.80384 18.962 0.051
2459959.81790 19.000 0.058
2459960.54053 18.889 0.058
2459960.55457 18.938 0.041
2459960.56887 18.963 0.042
2459960.58292 18.948 0.041
2459960.59790 19.034 0.043
2459960.61197 18.867 0.037
2459960.62748 18.945 0.039
2459960.64156 18.929 0.034
2459960.65874 18.948 0.034
2459960.67277 18.899 0.033
2459960.68704 18.931 0.034
2459960.70484 18.952 0.038
2459960.71910 18.893 0.035
2459960.73577 18.867 0.036
2459960.75012 18.886 0.038
2459960.76423 18.930 0.041
2459960.77864 18.972 0.044
2459960.79268 18.915 0.041
2459960.80730 18.862 0.041
2459960.82129 18.965 0.051
2459961.54172 19.010 0.079
2459961.55578 19.013 0.060
2459961.57002 18.930 0.055
2459961.58396 18.856 0.048
2459961.59811 18.903 0.048
2459961.61211 18.880 0.046
2459961.62646 18.855 0.046
2459961.64037 18.826 0.055
2459961.65458 18.804 0.048
2459961.66852 18.874 0.046
2459961.68356 18.943 0.061
2459961.70231 18.901 0.060
2459961.71664 18.897 0.053
2459961.73061 18.976 0.063
2459961.75440 18.984 0.076
2459961.76835 18.988 0.072
2459961.78991 19.023 0.081
2459962.55846 18.927 0.039
2459962.57241 18.919 0.042
2459962.59655 18.941 0.044
2459962.61051 18.848 0.039
2459962.62470 18.961 0.042
2459962.63871 18.975 0.048
2459962.65334 18.982 0.048
2459962.66725 18.913 0.044
2459962.68153 18.917 0.044
2459962.69545 18.888 0.049
2459962.73048 19.053 0.056
2459962.74442 18.988 0.053
2459962.75880 19.004 0.055
2459962.77286 19.062 0.070
2459962.78699 19.206 0.096
2459962.80095 19.131 0.076
2459962.81552 18.990 0.060
2459963.54146 19.085 0.060
2459963.55547 19.075 0.053
2459963.56964 19.050 0.047
2459963.58366 19.110 0.050
2459963.59824 19.132 0.048
2459963.61220 19.068 0.053
2459963.62643 19.106 0.047
2459963.64165 19.055 0.043
2459963.65720 19.054 0.040
2459963.67705 19.079 0.051
2459963.69124 18.997 0.047
2459963.70525 19.003 0.047
2459963.71941 18.993 0.047
2459963.73341 18.907 0.049
2459963.75192 18.962 0.054
2459963.76588 18.950 0.063
2459963.78010 18.898 0.054
2459963.79416 18.871 0.059
2459963.80832 19.055 0.072
2459964.54408 18.861 0.055
2459964.55809 19.056 0.053
2459964.57236 18.896 0.047
2459964.58641 18.860 0.046
2459964.60117 18.837 0.043
2459964.61514 18.954 0.051
2459964.62943 18.943 0.049
2459964.64675 18.883 0.047
2459964.66100 19.015 0.053
2459964.67503 18.931 0.052
2459964.68969 18.960 0.051
2459964.70388 18.981 0.049
2459964.71836 18.922 0.049
2459964.73241 19.003 0.053
2459964.74904 18.936 0.058
2459964.76308 19.021 0.059
2459964.77769 18.894 0.053
2459964.79169 18.878 0.051
2459964.80846 18.973 0.054
2459965.54210 18.826 0.047
2459965.55604 18.889 0.037
2459965.57024 18.865 0.034
2459965.58414 18.817 0.032
2459965.59891 18.959 0.035
2459965.61287 18.860 0.036
2459965.62718 18.917 0.037
2459965.64111 18.915 0.040
2459965.65757 18.939 0.039
2459965.67225 18.892 0.037
2459965.68643 18.993 0.043
2459965.70037 18.876 0.044
2459965.71499 18.891 0.039
2459965.72895 19.017 0.050
2459965.74320 18.945 0.050
2459965.75714 18.930 0.049
2459965.77193 18.889 0.051
2459965.78585 19.001 0.056
2459965.80034 19.076 0.058
2459965.80992 19.009 0.057
2459966.54324 18.901 0.074
2459966.55718 19.012 0.055
2459966.57144 18.939 0.042
2459966.58538 18.936 0.046
2459966.60007 18.931 0.043
2459966.61405 18.908 0.040
2459966.62835 18.913 0.047
2459966.64236 18.906 0.044
2459966.65939 18.955 0.041
2459966.67342 18.863 0.042
2459966.70573 18.968 0.047
2459966.72042 19.076 0.049
2459966.73757 19.052 0.055
2459966.75153 19.035 0.052
2459966.76568 19.196 0.070
2459966.77972 18.941 0.068
2459967.55994 19.162 0.075
2459967.57454 19.044 0.060
2459967.58852 19.161 0.067
2459967.60277 19.128 0.061
2459967.61674 18.990 0.050
2459967.63336 18.984 0.048
2459967.64739 18.974 0.047
2459967.66157 18.927 0.049
2459967.67601 19.014 0.051
2459967.69234 19.045 0.050
2459967.70632 18.983 0.046
2459967.72065 18.998 0.048
2459967.73472 18.942 0.048
2459967.74945 18.863 0.043
2459967.76348 18.949 0.041
2459967.77789 18.929 0.037
2459968.57362 18.929 0.064
2459968.58766 18.950 0.064
2459968.60185 18.892 0.053
2459968.61592 18.916 0.053
2459968.63065 18.906 0.049
2459968.64572 18.878 0.052
2459968.66199 18.965 0.070
2459968.67602 18.934 0.069
2459968.69051 18.948 0.054
2459968.70460 18.934 0.058
2459968.71883 18.886 0.049
2459968.73284 18.905 0.051
2459968.74703 18.882 0.056
2459968.76103 18.794 0.053
2459969.54389 18.970 0.065
2459969.55793 18.906 0.043
2459969.57219 18.887 0.039
2459969.58616 18.901 0.042
2459969.60078 18.891 0.040
2459969.61470 18.944 0.044
2459969.62884 18.798 0.044
2459969.64278 18.972 0.058
2459969.65744 18.927 0.049
2459969.67145 18.964 0.046
2459969.68593 18.946 0.055
2459969.69986 18.934 0.050
2459969.71612 18.997 0.046
2459969.73006 19.007 0.050
2459969.74413 18.907 0.043
2459969.75804 18.987 0.056
2459970.54116 19.043 0.061
2459970.55511 18.980 0.047
2459970.56924 19.016 0.052
2459970.58324 18.974 0.046
2459970.59806 19.053 0.049
2459970.61201 18.895 0.041
2459970.62625 18.981 0.048
2459970.64026 18.998 0.048
2459970.65664 18.989 0.047
2459970.67067 18.894 0.046
2459970.68492 19.145 0.059
2459970.69884 19.045 0.060
2459970.73118 19.133 0.069
2459970.75958 19.097 0.071
2459971.54055 19.097 0.083
2459971.55454 19.054 0.046
2459971.56880 19.017 0.046
2459971.58281 18.998 0.044
2459971.59721 19.036 0.041
2459971.61118 19.080 0.046
2459971.62586 18.907 0.039
2459971.64208 18.895 0.037
2459971.65675 18.917 0.037
2459971.67074 18.964 0.039
2459971.68689 18.911 0.038
2459971.70095 18.990 0.041
2459971.71523 18.902 0.037
2459971.72919 18.817 0.037
2459971.74351 18.907 0.041
2459971.75756 18.894 0.043
2459972.54086 18.934 0.055
2459972.55492 18.942 0.048
2459972.56908 18.864 0.044
2459972.58303 18.904 0.043
2459972.59776 18.844 0.039
2459972.61182 18.916 0.048
2459972.62610 18.952 0.043
2459972.64009 18.967 0.048
2459972.65493 18.908 0.048
2459972.66895 19.011 0.049
2459972.68555 18.956 0.046
2459972.69953 18.889 0.043
2459972.71372 18.880 0.046
2459972.72772 18.905 0.052
2459972.74198 18.883 0.048
2459972.75602 18.851 0.048
2459973.54107 18.942 0.055
2459973.55511 18.868 0.041
2459973.56941 18.880 0.052
2459973.58349 18.884 0.049
2459973.59762 18.868 0.047
2459973.61162 18.944 0.049
2459973.62718 19.043 0.052
2459973.64139 18.871 0.043
2459973.65779 19.006 0.052
2459973.67177 18.913 0.046
2459973.68596 18.970 0.056
2459973.69992 18.956 0.042
2459973.71434 18.840 0.044
2459973.72829 18.898 0.044
2459973.74264 18.958 0.048
2459973.75658 18.976 0.057
2459974.54997 18.910 0.056
2459974.56394 19.038 0.058
2459974.57857 18.894 0.047
2459974.59253 18.960 0.048
2459974.60713 19.020 0.049
2459974.62108 18.976 0.046
2459974.63614 19.041 0.047
2459974.65007 19.067 0.048
2459974.66665 19.125 0.050
2459974.68060 19.092 0.049
2459974.69503 19.063 0.049
2459974.70897 18.994 0.058
2459974.72317 19.067 0.064
2459974.73717 19.021 0.067
2459975.54063 18.990 0.056
2459975.55453 18.991 0.047
2459975.56870 19.029 0.049
2459975.58269 18.980 0.047
2459975.59681 18.930 0.047
2459975.61072 18.966 0.043
2459975.62809 18.897 0.042
2459975.64204 19.013 0.047
2459975.65606 18.954 0.054
2459975.67006 18.871 0.049
2459975.68445 18.916 0.044
2459975.69846 18.944 0.046
2459975.72851 18.982 0.051
2459975.74725 18.963 0.049
2459976.54121 18.895 0.068
2459976.55518 18.923 0.049
2459976.56944 18.865 0.044
2459976.58337 18.920 0.047
2459976.59777 18.893 0.043
2459976.61167 18.842 0.050
2459976.62785 18.924 0.048
2459976.64181 18.874 0.048
2459976.65607 18.945 0.052
2459976.67009 18.768 0.043
2459976.68426 18.989 0.050
2459976.69828 18.925 0.047
2459976.71244 18.890 0.049
2459976.72645 18.865 0.042
2459976.74091 18.874 0.053
2459977.58496 18.991 0.060
2459977.59898 18.832 0.055
2459977.61336 18.922 0.054
2459977.62733 18.925 0.055
2459977.64167 18.882 0.053
2459977.65574 19.021 0.060
2459977.67518 18.996 0.098
2459977.71455 19.033 0.079
2459977.72876 18.871 0.057
2459977.74274 18.822 0.058
2459977.75744 18.973 0.072
2459978.56390 19.086 0.085
2459978.57794 19.001 0.085
2459978.59217 19.073 0.070
2459978.60625 19.166 0.069
2459978.62069 19.207 0.069
2459978.63467 19.047 0.063
2459978.65160 19.183 0.076
2459978.66557 19.031 0.062
2459978.69776 19.079 0.064
2459978.71174 19.068 0.063
2459978.72642 18.916 0.056
2459978.74040 18.924 0.059
2459979.54272 19.080 0.103
2459979.55670 18.898 0.067
2459979.57082 18.967 0.068
2459979.58473 18.825 0.074
2459979.59953 18.877 0.057
2459979.61402 18.957 0.071
2459979.62824 18.996 0.081
2459979.64216 18.987 0.068
2459979.65639 18.945 0.074
2459979.69107 18.859 0.070
2459979.70531 18.906 0.075
2459979.71921 18.913 0.074
2459979.73349 18.897 0.070
2459979.74742 18.948 0.088
2459979.76172 18.923 0.081
2459980.60222 18.933 0.076
2459980.61616 18.836 0.064
2459980.63032 18.903 0.062
2459980.64429 18.979 0.064
2459980.65862 18.958 0.070
2459980.67259 18.887 0.063
2459980.68691 18.872 0.071
2459980.70083 18.894 0.064
2459980.71500 18.857 0.068
2459980.72895 18.766 0.065
2459980.74318 18.935 0.069
2459980.75722 18.904 0.074
2459981.53722 18.987 0.083
2459981.55122 18.768 0.074
2459981.56547 19.015 0.081
2459981.57946 18.952 0.076
2459981.59374 18.868 0.063
2459981.60770 18.874 0.059
2459981.63312 19.107 0.075
2459981.64714 18.989 0.075
2459981.66655 19.033 0.071
2459981.68051 18.973 0.069
2459981.71414 18.955 0.069
2459981.72832 19.129 0.077
2459981.74231 19.009 0.060
2459982.53852 18.970 0.092
2459982.55674 19.109 0.092
2459982.57095 19.058 0.063
2459982.58497 19.088 0.065
2459982.59926 19.125 0.068
2459982.61325 19.102 0.067
2459982.62961 18.947 0.056
2459982.64367 18.897 0.052
2459982.65836 18.941 0.061
2459982.67239 18.984 0.064
2459982.70527 18.956 0.064
2459982.71927 19.054 0.070
2459983.53886 18.950 0.061
2459983.55289 19.025 0.063
2459983.56757 18.899 0.052
2459983.58157 18.892 0.052
2459983.59672 18.941 0.064
2459983.61076 18.867 0.059
2459983.62527 18.874 0.069
2459983.63932 18.937 0.073
2459983.65383 18.919 0.076
2459983.66790 18.958 0.081
2459983.68292 19.000 0.069
2459983.71481 18.860 0.063
2459983.72883 18.840 0.074
2459984.53731 18.833 0.053
2459984.55136 18.952 0.057
2459984.56556 18.869 0.041
2459984.57947 18.905 0.052
2459984.60768 18.981 0.067
2459984.62246 19.009 0.058
2459984.63639 18.839 0.061
2459984.65939 18.835 0.072
2459984.69135 18.888 0.061
2459984.70747 18.900 0.062
2459984.72176 18.894 0.063
2459985.53663 18.896 0.054
2459985.55056 18.942 0.049
2459985.56516 19.049 0.052
2459985.57910 19.037 0.050
2459985.59342 18.898 0.061
2459985.60739 19.040 0.077
2459985.62225 18.977 0.069
2459985.63620 19.023 0.073
2459985.65048 18.928 0.061
2459985.66445 18.963 0.055
2459985.68048 19.013 0.077
2459985.69483 19.058 0.102
2459986.53567 19.070 0.049
2459986.56727 19.185 0.051
2459986.59631 18.995 0.040
2459986.61026 19.154 0.054
2459986.62624 18.952 0.044
2459986.64023 19.081 0.068
2459986.65445 18.986 0.059
2459986.66841 18.979 0.058
2459986.68877 18.937 0.056
2459986.71795 18.947 0.072
2459987.53813 18.991 0.071
2459987.59774 18.966 0.061
2459987.61170 18.962 0.064
2459987.62604 18.949 0.062
2459987.64005 18.887 0.065
2459987.66611 18.910 0.071
2459987.68012 18.926 0.071
2459987.69472 18.751 0.058
2459987.72325 18.866 0.061
2459987.73741 18.900 0.073
2459988.53538 18.865 0.041
2459988.55562 18.898 0.033
2459988.57527 18.982 0.037
2459988.59491 18.897 0.034
2459988.60913 18.896 0.034
2459988.62317 18.901 0.034
2459988.63955 18.892 0.033
2459988.65361 18.908 0.034
2459988.66792 18.982 0.038
2459988.68194 18.888 0.035
2459988.69632 18.879 0.036
2459988.71030 18.950 0.038
2459989.53519 18.931 0.052
2459989.54966 18.921 0.044
2459989.56429 18.969 0.050
2459989.57837 18.972 0.048
2459989.59279 18.954 0.050
2459989.60689 19.065 0.054
2459989.62379 18.932 0.043
2459989.63778 18.997 0.043
2459989.65218 18.995 0.047
2459989.66617 19.148 0.049
2459989.68056 19.080 0.046
2459989.69454 19.101 0.052
2459989.70873 19.040 0.047
2459990.53490 19.141 0.059
2459990.54882 18.990 0.044
2459990.58053 18.965 0.040
2459990.59448 18.919 0.039
2459990.61103 18.926 0.040
2459990.62497 18.986 0.049
2459990.63920 18.944 0.046
2459990.65382 18.921 0.047
2459990.66845 18.893 0.042
2459990.68238 18.928 0.050
2459990.69659 18.980 0.061
2459990.71055 18.958 0.064
2459991.53449 18.949 0.055
2459991.54886 18.980 0.047
2459991.56332 18.809 0.037
2459991.57728 18.846 0.043
2459991.59309 18.905 0.043
2459991.60709 18.909 0.048
2459991.62147 18.872 0.044
2459991.63550 18.823 0.039
2459991.65024 18.847 0.039
2459991.66417 18.859 0.040
2459991.67845 18.920 0.047
2459991.69242 18.821 0.047
2459991.70712 18.819 0.041
2459992.53291 18.877 0.054
2459992.54689 18.871 0.043
2459992.56107 18.883 0.041
2459992.57503 18.880 0.041
2459992.58927 18.883 0.043
2459992.60527 18.993 0.047
2459992.61953 18.920 0.047
2459992.63351 18.955 0.052
2459992.64779 18.879 0.048
2459992.66176 18.951 0.044
2459992.67640 18.981 0.049
2459992.69038 18.898 0.054
2459992.70462 18.957 0.051
2459993.53200 19.007 0.060
2459993.54600 18.958 0.052
2459993.56026 19.059 0.057
2459993.57996 19.033 0.068
2459993.59474 19.049 0.054
2459993.61069 19.077 0.049
2459993.62514 19.116 0.051
2459993.63907 19.003 0.047
2459993.65345 19.028 0.056
2459993.66745 19.132 0.061
2459993.68175 19.014 0.058
2459993.69575 19.070 0.054
2459994.53165 18.941 0.067
2459994.54564 19.008 0.073
2459994.56005 18.824 0.056
2459994.57451 18.803 0.047
2459994.60780 18.986 0.050
2459994.62186 19.062 0.058
2459994.63610 18.951 0.049
2459994.65005 18.965 0.047
2459994.66438 18.955 0.054
2459994.67840 19.000 0.060
2459994.69271 18.884 0.053
2459995.52802 18.922 0.042
2459995.54815 18.981 0.041
2459995.56819 19.003 0.051
2459995.58891 18.940 0.039
2459995.60532 18.875 0.036
2459995.61933 18.898 0.037
2459995.63367 18.919 0.040
2459995.64771 18.863 0.038
2459995.66243 18.853 0.039
2459995.67663 18.820 0.037
2459995.69097 18.956 0.043
2459996.53233 18.861 0.060
2459996.54879 18.871 0.043
2459996.57835 18.954 0.046
2459996.59264 19.056 0.062
2459996.60694 18.981 0.052
2459996.63528 18.884 0.049
2459997.52581 18.971 0.048
2459997.53976 19.022 0.043
2459997.55568 19.042 0.041
2459997.56975 19.043 0.046
2459997.58462 19.049 0.044
2459997.59859 19.106 0.046
2459997.61278 19.198 0.055
2459997.62718 19.150 0.058
2459997.64192 19.130 0.052
2459997.65593 19.035 0.052
2459997.67031 19.027 0.047
2459997.68480 18.960 0.048
2459998.52356 18.835 0.048
2459998.55560 18.969 0.043
2459998.57038 18.943 0.046
2459998.58868 18.921 0.042
2459998.60528 18.921 0.038
2459998.61928 18.946 0.040
2459998.63368 18.990 0.048
2459998.64765 18.846 0.042
2459998.66243 18.926 0.049
2459998.67648 18.861 0.044
2459999.52361 18.852 0.062
2459999.53834 18.995 0.058
2459999.55264 18.913 0.047
2459999.56670 18.856 0.042
2459999.58324 18.915 0.040
2459999.59724 18.806 0.041
2459999.61154 18.938 0.041
2459999.62603 18.908 0.039
2459999.64081 18.865 0.041
2459999.65478 18.846 0.040
2459999.66898 18.961 0.044
2459999.68299 18.834 0.041
2460000.53089 19.039 0.075
2460000.54518 19.000 0.061
2460000.55983 19.010 0.069
2460000.57939 18.940 0.063
2460000.60057 19.020 0.065
2460001.52028 18.929 0.089
2460001.54574 19.137 0.080
2460001.56023 19.000 0.059
2460001.58362 19.092 0.056
2460001.60256 19.127 0.056
2460001.61670 19.083 0.059
2460001.64194 19.102 0.058
2460001.66752 18.980 0.067
2460002.51963 18.916 0.055
2460002.54057 18.992 0.047
2460002.55993 18.974 0.044
2460002.57931 18.900 0.050
2460002.61052 19.013 0.049
2460002.62457 18.911 0.051
2460002.63926 18.904 0.050
2460002.65360 18.905 0.058
2460002.67044 18.885 0.067
2460003.51925 18.959 0.057
2460003.53335 18.849 0.037
2460003.54783 18.818 0.035
2460003.56195 18.933 0.041
2460003.57792 18.915 0.044
2460003.59254 18.909 0.042
2460003.60706 18.905 0.042
2460003.62137 19.035 0.047
2460003.63600 18.919 0.039
2460003.64997 18.890 0.038
2460003.66478 18.922 0.046
2460004.51746 18.907 0.063
2460004.53140 18.931 0.055
2460004.54574 18.957 0.050
2460004.55970 19.013 0.055
2460004.57410 18.908 0.043
2460004.58856 18.989 0.049
2460004.60304 18.929 0.042
2460004.61705 19.066 0.070
2460004.63163 18.989 0.055
2460004.64560 19.050 0.053
2460004.65994 18.901 0.040
2460005.51335 19.172 0.088
2460005.52734 19.038 0.054
2460005.54710 19.101 0.056
2460005.56106 19.093 0.056
2460005.57541 18.964 0.049
2460005.58937 19.020 0.047
2460005.60375 18.940 0.049
2460005.61774 18.987 0.052
2460005.63213 19.043 0.063
2460005.64705 18.937 0.048
2460005.66117 18.893 0.050
2460006.51150 19.013 0.105
2460006.52553 18.947 0.059
2460006.53997 18.945 0.059
2460006.56022 18.912 0.058
2460006.59441 18.880 0.055
2460006.60842 18.874 0.052
2460006.62289 18.859 0.048
2460006.63688 18.839 0.055
2460006.65127 18.891 0.062
2460007.52273 18.977 0.060
2460007.53704 18.759 0.049
2460007.55108 18.906 0.053
2460007.56626 19.017 0.056
2460007.58098 18.828 0.048
2460007.59669 18.928 0.056
2460007.61381 18.873 0.050
2460007.62805 18.934 0.059
2460007.64206 18.978 0.061
2460007.65627 18.912 0.054
2460008.51335 18.984 0.075
2460008.52738 18.963 0.057
2460008.54160 18.859 0.049
2460008.55564 18.980 0.055
2460008.56980 18.865 0.047
2460008.58389 18.879 0.051
2460008.59813 19.001 0.059
2460008.61208 19.180 0.072
2460008.62627 19.094 0.063
2460008.64036 19.100 0.060
2460008.65462 19.027 0.058
2460009.51768 18.941 0.068
2460009.53177 19.033 0.058
2460009.55098 19.066 0.069
2460009.56505 18.955 0.060
2460009.58481 18.983 0.057
2460009.59946 18.869 0.055
2460009.61830 18.957 0.062
2460009.63234 18.968 0.065
2460009.64678 18.966 0.085
2460010.51776 19.026 0.085
2460010.53206 18.869 0.069
2460010.54668 18.832 0.071
2460010.57836 18.856 0.057
2460010.59758 18.993 0.078
2460010.61947 18.947 0.093
2460010.63350 18.822 0.060
2460010.64779 18.926 0.070
2460011.51085 18.938 0.075
2460011.52533 18.992 0.071
2460011.53957 18.844 0.067
2460011.55360 18.865 0.061
2460011.56782 18.890 0.058
2460011.58254 18.827 0.052
2460011.59678 18.881 0.054
2460011.61071 18.887 0.059
2460011.62496 19.065 0.071
2460011.63892 18.991 0.067
2460012.51269 18.937 0.055
2460012.52663 18.949 0.052
2460012.54110 18.983 0.055
2460012.55512 18.947 0.053
2460012.56948 19.014 0.061
2460012.58344 19.107 0.061
2460012.59781 19.021 0.060
2460012.61174 19.222 0.068
2460012.62603 19.113 0.062
2460012.64001 19.163 0.063
2460013.52592 18.993 0.077
2460013.53991 18.995 0.072
2460013.55435 18.906 0.062
2460013.56836 18.937 0.083
2460013.58275 19.040 0.058
2460013.59678 18.938 0.054
2460013.61112 18.971 0.057
2460013.62510 18.972 0.054
2460013.63935 18.863 0.048
2460014.51844 18.810 0.063
2460014.53251 18.932 0.058
2460014.54703 18.965 0.069
2460014.56107 18.791 0.053
2460014.59351 18.930 0.059
2460014.60756 18.958 0.064
2460014.62181 18.796 0.053
2460015.50746 19.059 0.084
2460015.52157 18.905 0.067
2460015.53585 18.991 0.069
2460015.54983 18.937 0.061
2460015.56405 18.842 0.054
2460015.57812 19.000 0.063
2460015.59237 18.933 0.059
2460015.60638 19.028 0.067
2460015.62061 18.951 0.049
2460015.63465 18.955 0.052
2460016.51387 18.979 0.051
2460016.52794 18.989 0.047
2460016.54692 19.186 0.053
2460016.56144 19.088 0.049
2460016.58035 19.235 0.063
2460016.59443 19.072 0.052
2460016.61295 19.085 0.059
2460016.62706 19.118 0.064
2460016.64139 19.103 0.058
2460016.65538 19.031 0.055
2460017.51191 18.953 0.049
2460017.52623 18.956 0.042
2460017.54043 18.946 0.047
2460017.55448 19.024 0.053
2460017.56970 18.867 0.038
2460017.58377 18.896 0.038
2460017.59828 18.807 0.038
2460017.61240 18.902 0.040
2460017.62694 18.935 0.040
2460017.64107 18.876 0.041
2460017.65545 18.920 0.041
2460017.66756 18.974 0.043
2460018.51555 18.855 0.044
2460018.53008 18.810 0.040
2460018.54500 18.971 0.043
2460018.55904 18.827 0.039
2460018.59099 18.837 0.041
2460018.60498 18.870 0.041
2460018.61918 18.894 0.044
2460018.63400 18.855 0.042
2460018.64810 18.862 0.044
2460018.66203 18.933 0.048
2460019.50852 18.882 0.044
2460019.52248 18.835 0.038
2460019.53693 18.882 0.040
2460019.55463 18.920 0.042
2460019.56985 19.012 0.042
2460019.58437 18.966 0.043
2460019.60217 18.962 0.041
2460019.61763 18.916 0.040
2460019.63176 18.939 0.038
2460019.64571 18.927 0.037
2460019.65984 18.962 0.038
2460019.67379 19.021 0.040
2460020.50993 19.014 0.052
2460020.52392 18.967 0.049
2460020.53848 19.136 0.060
2460020.55246 19.113 0.059
2460020.56685 19.102 0.063
2460020.58083 18.996 0.057
2460020.59521 19.040 0.057
2460020.62366 18.987 0.064
2460020.63763 18.943 0.064
2460021.51068 18.788 0.071
2460021.52559 18.895 0.052
2460021.53989 19.015 0.060
2460021.55394 18.908 0.050
2460021.56813 18.990 0.061
2460021.58216 18.907 0.063
2460021.59634 18.893 0.059
2460021.61033 19.013 0.054
2460022.50256 18.823 0.051
2460022.51714 18.906 0.047
2460022.54888 18.846 0.046
2460022.56293 18.883 0.046
2460022.57729 18.908 0.050
2460022.59130 18.907 0.050
2460022.60577 18.921 0.046
2460023.49837 18.798 0.067
2460023.51396 18.819 0.054
2460023.53262 18.929 0.047
2460023.54660 18.858 0.049
2460023.56512 18.916 0.051
2460023.57991 19.052 0.063
2460023.59842 19.036 0.083
2460023.61244 18.851 0.068
2460024.58392 19.012 0.055
2460024.59802 18.880 0.049
2460024.61242 18.953 0.052
2460025.50158 18.941 0.064
2460025.51570 18.928 0.053
2460025.53003 18.931 0.049
2460025.54409 18.888 0.047
2460025.55880 18.870 0.040
2460025.57285 18.883 0.044
2460025.58741 18.946 0.044
2460025.60154 18.897 0.040
2460026.50760 18.886 0.062
2460026.53589 18.899 0.056
2460026.54997 18.887 0.053
2460026.58248 18.854 0.069
2460026.59978 18.798 0.077
2460027.50633 19.021 0.064
2460027.52082 18.924 0.051
2460027.53541 18.953 0.059
2460027.54939 18.894 0.050
2460027.56430 19.075 0.058
2460027.57828 18.949 0.054
2460027.59275 19.185 0.085
2460027.60674 19.047 0.057
2460028.51203 19.035 0.079
2460028.52595 19.000 0.073
2460028.54851 19.082 0.084
2460028.56281 19.019 0.077
2460028.57701 19.138 0.090
2460029.50561 18.942 0.059
2460029.51989 18.901 0.071
2460029.53498 18.949 0.073
2460029.58258 18.852 0.072
2460030.50144 18.995 0.068
2460030.51535 18.825 0.054
2460030.52946 18.824 0.052
2460030.54362 18.936 0.059
2460030.57507 18.942 0.061
2460030.58928 18.929 0.052
2460030.60460 18.991 0.052
2460031.49177 18.880 0.097
2460031.50573 18.853 0.050
2460031.53349 19.010 0.054
2460031.54746 19.103 0.058
2460031.56162 19.055 0.049
2460031.57592 19.088 0.055
2460031.59014 19.110 0.053
2460031.60420 19.004 0.049
2460032.49743 18.932 0.044
2460032.51140 19.001 0.042
2460032.52567 18.874 0.038
2460032.53966 19.063 0.048
2460032.55412 18.944 0.048
2460032.56817 19.020 0.047
2460032.58278 18.983 0.050
2460032.59683 18.972 0.048
2460033.49633 18.849 0.054
2460033.51076 18.892 0.049
2460033.52528 18.910 0.051
2460033.53929 18.938 0.043
2460033.55341 18.846 0.048
2460033.56750 18.973 0.051
2460033.58158 18.866 0.046
2460033.59554 18.901 0.053
2460034.50750 18.962 0.070
2460034.52511 18.920 0.072
2460034.54238 18.870 0.061
2460034.56841 18.900 0.084
2460034.58240 18.884 0.072
2460035.49240 19.161 0.073
2460035.50645 18.978 0.063
2460035.53587 19.090 0.057
2460035.54987 19.172 0.068
2460035.56694 19.152 0.073
2460035.58106 19.118 0.054
2460036.49354 19.044 0.072
2460036.50765 19.027 0.064
2460036.55076 19.015 0.075
2460036.56517 18.769 0.070
2460037.49279 18.810 0.048
2460037.50676 18.882 0.053
2460037.52102 18.931 0.050
2460037.53560 18.854 0.046
2460037.54978 18.926 0.049
2460037.56381 18.833 0.048
2460037.57821 18.923 0.058
2460037.59231 18.839 0.052
2460038.49157 18.865 0.094
2460038.51210 19.049 0.082
2460039.49011 19.004 0.079
2460039.50440 19.111 0.074
2460039.51860 19.064 0.075
2460039.53260 19.073 0.089
2460039.54699 19.180 0.089
2460039.56094 19.065 0.083
2460039.57512 18.943 0.072
2460040.49090 18.985 0.080
2460040.50558 18.861 0.068
2460040.51958 18.878 0.065
2460040.53354 19.028 0.075
2460040.54752 19.025 0.076
2460040.56145 18.833 0.061
2460040.57738 18.885 0.065
2460041.49417 18.766 0.062
2460041.50814 18.867 0.070
2460041.54266 19.039 0.079
2460042.48288 19.104 0.093
2460042.49719 19.016 0.060
2460042.51117 18.800 0.053
2460042.52509 18.965 0.058
2460042.53936 18.941 0.063
2460042.55331 19.076 0.090
2460043.48411 19.083 0.065
2460043.49810 19.033 0.058
2460043.52886 19.048 0.055
2460043.54333 19.018 0.053
2460043.55769 19.004 0.051
2460044.49713 19.007 0.041
2460044.51446 18.851 0.040
2460044.52842 18.875 0.042
2460044.54492 18.953 0.047
2460044.55888 18.812 0.042
2460045.48051 18.899 0.084
2460045.49514 18.925 0.051
2460045.51031 18.863 0.053
2460045.52433 18.884 0.052
2460045.54408 18.905 0.059
2460045.55807 18.896 0.058
2460046.47621 18.916 0.103
2460046.49025 18.920 0.059
2460046.50665 18.933 0.053
2460046.52070 18.980 0.050
2460046.53464 18.992 0.050
2460046.54868 18.922 0.049
2460047.48590 19.125 0.074
2460047.50271 19.072 0.070
2460047.51808 18.992 0.064
2460047.53305 18.925 0.057
2460047.55020 18.908 0.052
2460048.49142 18.938 0.065
2460048.50544 18.772 0.052
2460048.52176 18.950 0.058
2460048.53578 19.016 0.069
2460048.55015 18.905 0.059
2460048.56409 18.827 0.052
2460049.51552 18.955 0.048
2460049.53080 18.886 0.051
2460049.54630 18.985 0.056
2460049.56147 18.930 0.052
2460050.49778 19.030 0.068
2460050.51345 19.175 0.081
2460050.52743 18.895 0.062
2460050.54266 19.074 0.074
2460050.55664 19.016 0.059
2460051.48406 19.087 0.079
2460051.50018 18.888 0.056
2460051.53775 18.939 0.057
2460051.55172 19.072 0.069
2460053.49276 18.963 0.076
2460053.50782 18.898 0.074
2460053.52291 18.834 0.068
2460053.53697 18.927 0.072
2460053.55129 18.950 0.070
2460053.56536 19.063 0.071
2460054.48957 18.989 0.061
2460054.50357 19.191 0.076
2460054.51788 19.078 0.070
2460054.53187 19.084 0.076
2460054.54601 19.142 0.076
2460054.55999 19.174 0.079
2460058.48591 19.060 0.091
2460058.50042 19.067 0.076
2460058.51463 19.074 0.079
2460058.52861 18.919 0.075
2460058.54273 19.190 0.081
2460058.55667 18.994 0.073
2460059.47894 19.018 0.069
2460059.50888 18.898 0.057
2460059.52281 18.938 0.054
2460060.48264 18.928 0.062
2460060.49663 18.871 0.057
2460060.51104 18.907 0.054
2460060.52500 18.879 0.052
2460061.50469 19.002 0.057
2460061.51916 19.057 0.057
2460061.53315 18.873 0.053
2460061.54810 19.008 0.061
2460062.47756 19.121 0.076
2460062.49151 19.034 0.062
2460062.50569 19.149 0.074
2460062.51965 19.119 0.067
2460062.53385 19.004 0.061
2460062.54790 18.896 0.062
2460063.47865 18.870 0.061
2460063.49266 18.893 0.051
2460063.50664 18.949 0.054
2460063.52058 18.863 0.054
2460063.53499 18.834 0.052
2460063.54901 18.982 0.069
2460064.53383 19.015 0.072
2460067.49782 18.874 0.071
2460072.48711 18.925 0.072
2460076.48855 18.871 0.089
2460160.91268 18.916 0.081
2460181.91002 19.091 0.073
2460186.89413 18.879 0.096
2460200.89534 19.031 0.061
2460202.82243 18.943 0.064
2460202.83506 18.920 0.054
2460202.84804 18.931 0.054
2460202.86065 18.902 0.059
2460202.87356 18.917 0.056
2460202.88616 18.886 0.056
2460202.89893 18.867 0.054
2460203.82562 18.949 0.055
2460203.83822 18.947 0.051
2460203.85119 18.985 0.052
2460203.86384 18.994 0.049
2460203.87665 18.964 0.051
2460203.88929 18.943 0.049
2460203.90220 19.027 0.067
2460204.83823 19.021 0.078
2460204.85085 19.044 0.074
2460204.86429 19.038 0.078
2460204.87695 18.864 0.055
2460204.88981 18.973 0.060
2460204.90239 18.868 0.070
2460206.85977 18.943 0.079
2460206.87236 18.865 0.070
2460206.88533 18.951 0.076
2460206.89795 18.946 0.073
2460208.80786 19.022 0.075
2460208.82054 19.113 0.076
2460208.83602 18.937 0.068
2460208.85554 18.995 0.067
2460208.86842 18.964 0.072
2460209.81104 18.994 0.070
2460209.82404 18.883 0.060
2460209.83716 18.843 0.060
2460209.85953 18.953 0.072
2460209.87246 18.862 0.060
2460209.88514 18.962 0.070
2460209.89825 18.892 0.089
2460210.77409 18.957 0.072
2460210.78682 18.885 0.065
2460210.79970 18.894 0.058
2460210.81236 18.937 0.062
2460210.82525 18.913 0.065
2460210.83786 18.938 0.067
2460210.85069 19.025 0.065
2460210.86429 18.896 0.063
2460210.87716 18.913 0.056
2460210.88985 18.935 0.057
2460210.90278 18.855 0.094
2460211.79236 18.988 0.061
2460211.80561 19.018 0.064
2460211.82554 19.062 0.064
2460211.83811 19.044 0.058
2460211.85100 19.107 0.063
2460211.86358 19.088 0.064
2460211.87646 19.131 0.062
2460211.88911 19.129 0.068
2460212.80947 19.094 0.091
2460212.82204 18.872 0.075
2460212.83492 18.909 0.065
2460212.84750 18.907 0.065
2460212.86935 18.868 0.068
2460212.88192 18.937 0.067
2460212.89465 18.998 0.083
2460213.81794 18.868 0.087
2460214.82163 18.838 0.087
2460214.83420 18.941 0.099
2460214.84726 18.954 0.085
2460214.85985 18.895 0.077
2460214.88500 18.917 0.077
2460214.89759 18.844 0.099
2460215.81526 19.175 0.134
2460215.82784 19.187 0.127
2460215.84089 19.208 0.118
2460215.86643 19.118 0.094
2460216.77862 18.996 0.100
2460216.79126 19.031 0.110
2460216.81730 18.953 0.092
2460216.83197 18.865 0.088
2460216.84542 18.903 0.090
2460216.85804 18.923 0.092
2460216.87086 18.932 0.092
2460216.88341 18.869 0.087
2460216.89619 18.912 0.134
2460217.78834 18.850 0.087
2460217.80094 18.869 0.080
2460217.81384 18.959 0.097
2460217.82643 18.870 0.093
2460217.85220 18.983 0.089
2460217.86480 18.914 0.079
2460217.87767 18.866 0.076
2460217.89027 18.887 0.080
2460218.78950 18.931 0.084
2460218.80208 18.927 0.076
2460218.81507 18.967 0.081
2460218.82764 18.947 0.094
2460218.84048 18.852 0.065
2460218.85314 18.928 0.084
2460218.87874 18.979 0.092
2460219.81085 19.149 0.120
2460219.82019 19.044 0.098
2460219.83278 19.005 0.087
2460219.84591 19.061 0.107
2460219.85857 19.054 0.089
2460219.87148 19.161 0.109
2460221.79952 18.968 0.079
2460221.81330 18.888 0.072
2460221.82992 18.958 0.071
2460221.84254 18.922 0.069
2460221.85523 18.964 0.064
2460221.86795 18.949 0.082
2460221.88063 18.780 0.069
2460222.77825 18.913 0.082
2460222.79091 19.025 0.076
2460222.81552 18.915 0.073
2460223.80941 19.047 0.093
2460223.82204 19.093 0.102
2460223.83568 19.100 0.102
2460223.84828 18.990 0.091
2460223.87581 18.945 0.079
2460223.88851 19.000 0.112
2460224.76689 18.953 0.112
2460224.77962 18.872 0.091
2460224.79606 18.868 0.095
2460224.80881 18.989 0.084
2460224.82314 18.909 0.078
2460224.83576 18.943 0.078
2460224.84630 18.948 0.080
2460224.87027 18.962 0.091
2460224.88350 19.017 0.085
2460225.76492 18.880 0.088
2460225.77757 18.818 0.068
2460225.79021 18.885 0.067
2460225.81081 18.961 0.073
2460225.82339 18.902 0.068
2460225.85613 18.867 0.065
2460225.86876 19.031 0.085
2460225.88175 18.897 0.090
2460226.74569 18.989 0.068
2460226.75827 19.000 0.063
2460226.77663 18.982 0.057
2460226.78922 19.017 0.061
2460226.80211 18.997 0.062
2460226.81478 18.991 0.058
2460226.82765 18.973 0.061
2460226.84026 19.067 0.067
2460226.85328 19.058 0.062
2460226.86585 19.089 0.064
2460226.87874 19.107 0.073
2460227.75982 19.039 0.078
2460227.77245 19.093 0.070
2460227.78529 19.061 0.073
2460227.79787 18.993 0.067
2460227.81194 18.948 0.058
2460227.82451 18.944 0.058
2460227.83807 18.878 0.056
2460227.85065 18.983 0.067
2460227.86384 18.969 0.060
2460227.87646 18.937 0.068
2460228.75795 18.932 0.064
2460228.77060 19.003 0.069
2460228.78627 18.898 0.065
2460228.79890 18.880 0.070
2460228.81306 18.943 0.068
2460228.82569 18.816 0.059
2460228.84027 18.942 0.070
2460228.85286 18.905 0.073
2460228.88380 18.917 0.069
2460229.74893 18.974 0.068
2460229.76185 19.017 0.063
2460229.77603 18.933 0.052
2460229.79167 18.971 0.056
2460229.80434 18.910 0.052
2460229.81774 18.912 0.053
2460229.83114 18.935 0.057
2460229.84440 19.008 0.061
2460229.85697 18.924 0.060
2460229.87002 18.909 0.059
2460229.88261 18.910 0.067
2460230.74224 18.894 0.071
2460230.75274 19.039 0.077
2460230.76536 18.955 0.067
2460230.79552 19.031 0.073
2460230.80824 18.986 0.070
2460230.82149 19.178 0.083
2460230.83421 18.975 0.070
2460230.84732 19.100 0.080
2460230.86002 19.111 0.090
2460231.73475 19.005 0.062
2460231.74738 19.039 0.061
2460231.76352 18.957 0.055
2460231.77614 18.982 0.059
2460231.78908 18.962 0.059
2460231.80172 18.995 0.062
2460231.81471 18.955 0.064
2460231.82742 18.986 0.067
2460231.84063 18.929 0.059
2460231.85332 18.904 0.064
2460231.86621 18.917 0.059
2460231.87888 18.973 0.083
2460232.71395 18.899 0.060
2460232.72653 18.914 0.059
2460232.74002 18.924 0.062
2460232.75260 18.850 0.055
2460232.76559 18.888 0.065
2460232.77825 18.912 0.059
2460232.79107 18.885 0.057
2460232.80472 18.927 0.059
2460232.81755 18.929 0.057
2460232.83017 18.897 0.054
2460232.84302 18.844 0.065
2460235.86215 18.865 0.079
2460235.87792 18.886 0.091
2460237.72435 18.843 0.064
2460237.73701 18.886 0.065
2460237.75035 19.030 0.072
2460237.77354 18.856 0.060
2460237.78722 18.877 0.057
2460237.79982 18.901 0.056
2460237.84174 18.942 0.058
2460237.85425 18.955 0.061
2460238.75362 19.142 0.081
2460238.76622 19.116 0.085
2460238.77974 18.998 0.078
2460238.79237 19.139 0.079
2460238.80533 19.059 0.079
2460238.81793 19.015 0.077
2460238.83162 18.967 0.074
2460238.84427 18.987 0.062
2460238.85709 18.986 0.092
2460238.86966 19.009 0.093
2460239.70624 19.002 0.079
2460239.71883 18.982 0.081
2460239.73181 18.983 0.085
2460239.74441 18.935 0.063
2460239.75739 18.837 0.053
2460239.77006 18.858 0.054
2460239.78361 18.929 0.059
2460239.79626 18.883 0.055
2460239.80918 18.910 0.055
2460239.82182 18.928 0.056
2460239.83526 18.869 0.056
2460239.84876 18.900 0.057
2460240.83739 18.996 0.075
2460240.84998 18.955 0.068
2460240.86303 18.892 0.063
2460240.87568 18.924 0.081
2460241.74108 18.968 0.084
2460241.75693 18.881 0.087
2460241.77440 18.943 0.088
2460241.79042 18.881 0.090
2460241.80303 19.022 0.084
2460241.81582 18.919 0.068
2460241.82845 19.066 0.103
2460242.72776 19.077 0.094
2460242.75333 19.100 0.084
2460242.76596 19.096 0.076
2460242.77909 18.950 0.067
2460242.79174 19.000 0.073
2460242.80469 19.081 0.076
2460242.81740 18.969 0.059
2460242.83098 18.991 0.063
2460242.84358 19.029 0.056
2460242.85652 19.004 0.052
2460242.86991 18.922 0.059
2460243.72016 18.907 0.094
2460243.73282 18.912 0.087
2460243.74586 18.895 0.080
2460243.75843 19.061 0.085
2460243.77144 18.881 0.068
2460243.78402 19.035 0.084
2460243.79694 18.982 0.085
2460243.80943 18.986 0.085
2460243.82238 18.902 0.076
2460243.83496 18.852 0.070
2460243.84779 18.984 0.076
2460243.86031 18.873 0.063
2460243.87336 18.849 0.080
2460244.71451 18.960 0.103
2460244.72708 18.954 0.107
2460244.73991 18.964 0.096
2460244.75247 18.873 0.090
2460244.76846 18.890 0.103
2460244.78173 18.916 0.096
2460244.79450 18.795 0.094
2460244.80706 18.858 0.083
2460244.82166 19.014 0.098
2460244.83422 18.964 0.097
2460244.84765 18.971 0.101
2460244.86031 18.796 0.087
2460244.87321 18.972 0.113
2460245.79367 19.108 0.135
2460245.80715 18.970 0.118
2460245.81972 19.079 0.115
2460245.84247 19.002 0.133
2460245.85504 19.188 0.121
2460245.86761 19.098 0.110
2460247.63791 18.994 0.108
2460247.65055 19.081 0.117
2460247.66372 18.893 0.088
2460247.67636 19.024 0.100
2460247.68975 18.838 0.087
2460247.70231 18.953 0.084
2460247.71726 18.962 0.080
2460247.72990 18.888 0.079
2460247.74290 18.874 0.071
2460247.75549 18.963 0.070
2460248.73664 18.885 0.089
2460248.75142 18.934 0.096
2460248.76457 18.850 0.075
2460248.77721 18.859 0.083
2460248.79011 18.853 0.074
2460248.80278 18.988 0.083
2460248.81590 18.861 0.071
2460248.82857 18.933 0.080
2460248.84364 18.953 0.073
2460248.85683 18.859 0.065
2460248.86972 19.019 0.085
2460250.72005 19.146 0.103
2460250.73275 19.014 0.073
2460250.74645 18.985 0.081
2460250.75916 18.942 0.070
2460250.77354 19.008 0.087
2460250.78618 19.076 0.095
2460250.80211 19.013 0.091
2460250.81477 19.047 0.089
2460250.82828 18.942 0.089
2460250.84097 18.939 0.079
2460250.85396 19.079 0.084
2460250.86667 18.970 0.079
2460251.74189 18.919 0.095
2460251.75459 18.999 0.092
2460251.76880 18.924 0.092
2460251.78155 18.927 0.082
2460251.79490 18.878 0.077
2460251.80753 18.966 0.089
2460251.82066 18.881 0.077
2460251.83723 18.965 0.081
2460251.85125 18.922 0.075
2460251.86394 18.839 0.081
2460252.67683 18.905 0.069
2460252.68939 18.838 0.055
2460252.70214 18.883 0.064
2460252.71471 18.867 0.067
2460252.74251 18.889 0.072
2460252.75506 18.953 0.071
2460252.77060 18.948 0.067
2460252.78319 18.893 0.069
2460252.79609 18.878 0.063
2460252.80863 18.880 0.064
2460252.82256 19.015 0.083
2460252.83517 18.939 0.082
2460252.84853 19.003 0.076
2460252.86112 18.973 0.081
2460253.68230 19.068 0.100
2460253.69485 18.926 0.079
2460253.70834 18.972 0.088
2460253.72091 19.073 0.090
2460253.73421 19.077 0.084
2460253.74675 19.022 0.105
2460253.76034 19.006 0.095
2460253.77297 19.096 0.103
2460253.78623 19.242 0.120
2460253.79885 19.203 0.100
2460253.81240 19.239 0.140
2460253.82497 19.139 0.102
2460253.83871 19.089 0.094
2460253.85133 18.980 0.080
2460253.86412 18.982 0.104
2460254.70415 18.976 0.073
2460254.71683 18.887 0.072
2460254.73014 19.029 0.080
2460254.74281 18.943 0.073
2460254.75610 18.955 0.064
2460254.76871 18.969 0.070
2460254.78223 18.895 0.065
2460254.79497 18.941 0.058
2460254.80821 18.965 0.062
2460254.82084 18.930 0.055
2460254.83453 18.892 0.074
2460254.84724 18.961 0.062
2460254.86104 18.870 0.070
2460255.67566 18.899 0.075
2460255.69543 18.931 0.068
2460255.70808 18.951 0.061
2460255.72266 18.911 0.061
2460255.73530 18.943 0.065
2460255.74901 18.901 0.064
2460255.76158 18.973 0.061
2460255.77493 18.865 0.055
2460255.78755 18.826 0.050
2460255.80053 18.904 0.056
2460255.81314 18.899 0.053
2460255.82675 18.904 0.052
2460255.83952 18.861 0.052
2460255.85306 18.919 0.056
2460256.68861 18.911 0.065
2460256.70181 18.941 0.067
2460256.71457 18.864 0.056
2460256.72718 18.923 0.060
2460256.75310 18.981 0.063
2460256.76592 18.930 0.062
2460256.77865 18.909 0.057
2460256.80491 18.974 0.057
2460256.81777 19.048 0.070
2460256.83041 18.943 0.064
2460256.85657 18.970 0.068
2460259.65619 18.891 0.077
2460259.78385 18.939 0.070
2460259.81167 18.822 0.065
2460259.83754 18.902 0.061
2460259.85041 18.997 0.075
2460259.86297 18.978 0.103
2460260.66476 18.825 0.081
2460260.67740 18.976 0.085
2460260.69082 19.074 0.099
2460260.70338 18.868 0.082
2460260.71686 18.877 0.080
2460260.72949 18.958 0.080
2460260.74261 18.946 0.087
2460260.75527 18.908 0.070
2460260.76886 19.028 0.074
2460260.81188 18.937 0.061
2460260.82446 18.998 0.070
2460260.85094 19.035 0.072
2460260.86347 19.185 0.113
2460261.66373 19.138 0.105
2460261.67633 19.104 0.102
2460261.71105 19.154 0.096
2460261.72521 19.076 0.088
2460261.75381 19.071 0.071
2460261.76643 19.027 0.063
2460261.77962 19.017 0.062
2460261.79222 18.908 0.060
2460261.80594 18.979 0.059
2460261.81850 18.948 0.054
2460261.83144 18.928 0.053
2460261.84409 18.969 0.059
2460261.85788 18.948 0.059
2460264.77071 18.953 0.068
2460264.78333 18.979 0.065
2460264.79846 18.955 0.058
2460264.81111 19.056 0.070
2460264.83759 19.116 0.072
2460264.85025 19.157 0.074
2460265.67115 19.114 0.107
2460265.68374 19.093 0.104
2460265.69651 19.020 0.085
2460265.70918 19.001 0.078
2460265.72299 18.938 0.076
2460265.73567 18.972 0.075
2460265.74899 19.050 0.073
2460265.76168 18.928 0.067
2460265.77450 18.996 0.083
2460265.78721 18.993 0.090
2460265.80096 18.996 0.078
2460265.81361 18.955 0.074
2460265.83262 18.922 0.077
2460265.84526 18.874 0.063
2460265.85840 19.016 0.081
2460266.62990 18.922 0.080
2460266.64321 18.883 0.084
2460266.65620 19.011 0.076
2460266.66965 18.986 0.079
2460266.69519 18.922 0.067
2460266.70852 19.006 0.070
2460266.72120 18.877 0.069
2460266.73469 18.899 0.069
2460266.74736 18.910 0.063
2460266.76797 18.852 0.068
2460266.78056 18.950 0.067
2460266.79435 18.917 0.057
2460266.80689 18.863 0.061
2460266.82026 18.837 0.054
2460266.83284 19.023 0.065
2460266.84612 18.911 0.060
2460266.85872 18.885 0.067
2460267.62876 18.750 0.080
2460267.64132 18.936 0.089
2460267.65422 19.022 0.098
2460267.66679 18.845 0.078
2460267.68029 18.814 0.067
2460267.69286 18.847 0.064
2460267.70568 18.939 0.061
2460267.71822 18.949 0.065
2460267.73143 18.885 0.050
2460267.74404 18.884 0.050
2460267.75811 18.842 0.047
2460267.77073 18.914 0.047
2460267.78405 18.917 0.051
2460267.79663 18.898 0.052
2460267.81025 18.906 0.051
2460267.82281 18.935 0.047
2460267.83633 18.945 0.052
2460267.84893 18.986 0.052
2460267.86178 18.967 0.077
2460268.66049 19.008 0.080
2460268.67316 18.911 0.079
2460268.68634 18.949 0.074
2460268.69902 19.040 0.073
2460268.71268 19.020 0.070
2460268.72844 18.930 0.061
2460268.74142 18.922 0.057
2460268.75399 19.020 0.062
2460268.76747 19.088 0.062
2460268.78020 19.157 0.067
2460268.79343 19.072 0.059
2460268.80601 19.146 0.059
2460268.81885 19.060 0.058
2460268.83153 19.114 0.067
2460268.84438 19.070 0.071
2460268.85703 19.062 0.076
2460269.61886 19.067 0.094
2460269.63153 19.193 0.100
2460269.64493 19.137 0.094
2460269.65763 19.004 0.080
2460269.67094 19.111 0.085
2460269.68430 18.985 0.067
2460269.69784 19.029 0.071
2460269.71056 18.862 0.060
2460269.72392 18.926 0.062
2460269.73666 18.932 0.058
2460269.74957 18.968 0.058
2460269.76227 18.997 0.058
2460269.77575 18.928 0.052
2460269.78847 18.934 0.051
2460269.80193 18.870 0.050
2460269.82767 18.973 0.055
2460269.84038 18.941 0.054
2460269.85332 18.997 0.070
2460270.62621 18.864 0.077
2460270.63893 18.996 0.090
2460270.65211 18.891 0.072
2460270.66473 18.863 0.068
2460270.67820 18.938 0.072
2460270.69086 18.934 0.068
2460270.70380 18.902 0.060
2460270.71640 18.876 0.060
2460270.72994 18.958 0.063
2460270.74255 18.888 0.060
2460270.75582 18.947 0.065
2460270.76842 18.791 0.053
2460270.78174 18.854 0.054
2460270.79430 18.862 0.050
2460270.80727 18.881 0.053
2460270.81985 18.941 0.058
2460270.83331 18.920 0.056
2460270.84588 18.933 0.059
2460270.85901 18.862 0.084
2460271.62328 18.851 0.080
2460271.63597 18.802 0.080
2460271.64901 18.957 0.080
2460271.66382 18.960 0.101
2460271.67777 19.026 0.098
2460271.69035 18.793 0.074
2460271.70368 18.927 0.077
2460271.71633 18.865 0.071
2460271.72968 19.021 0.079
2460271.74229 18.920 0.072
2460271.75516 18.847 0.063
2460271.76784 18.866 0.070
2460271.78126 18.903 0.071
2460271.79386 18.921 0.063
2460271.80656 18.949 0.075
2460271.81910 18.963 0.071
2460271.83228 18.895 0.065
2460271.84490 19.011 0.067
2460271.85789 18.970 0.093
2460272.68546 18.925 0.088
2460272.69805 19.054 0.101
2460272.71152 19.084 0.100
2460272.72409 19.094 0.130
2460272.73676 19.176 0.124
2460272.74943 19.132 0.098
2460272.76383 19.116 0.087
2460272.77648 19.100 0.089
2460272.78919 19.152 0.083
2460272.80177 19.055 0.074
2460272.81703 19.047 0.070
2460272.82969 19.034 0.076
2460272.84243 19.084 0.081
2460272.85514 18.937 0.083
2460273.67934 18.924 0.073
2460273.69199 18.955 0.068
2460273.70556 18.924 0.072
2460273.71815 19.024 0.080
2460273.73246 18.970 0.085
2460273.74513 18.951 0.081
2460273.75799 18.862 0.068
2460273.77187 18.895 0.070
2460273.78512 18.970 0.071
2460273.79962 18.935 0.073
2460273.81587 18.882 0.072
2460273.82935 18.919 0.083
2460273.85213 18.930 0.077
2460274.62284 18.826 0.085
2460274.63547 18.858 0.097
2460274.65468 18.931 0.095
2460274.66760 18.937 0.087
2460274.68139 18.867 0.082
2460274.69404 18.850 0.072
2460274.70691 18.890 0.074
2460274.72289 18.884 0.073
2460274.73669 18.982 0.077
2460274.74944 18.822 0.061
2460274.76230 18.920 0.068
2460274.77493 18.862 0.065
2460274.78874 18.825 0.068
2460274.80138 18.882 0.071
2460274.81418 18.926 0.076
2460274.82684 18.865 0.068
2460274.83955 18.913 0.071
2460274.85216 18.944 0.082
2460275.62784 18.921 0.092
2460275.64040 18.986 0.094
2460275.65320 18.794 0.079
2460275.66577 18.882 0.088
2460275.67854 18.905 0.087
2460275.69109 18.965 0.097
2460275.73984 18.943 0.076
2460275.75259 18.956 0.075
2460275.76513 18.883 0.074
2460275.77789 18.806 0.069
2460275.79044 18.913 0.071
2460275.80325 18.841 0.063
2460275.81580 18.972 0.073
2460275.82859 18.903 0.068
2460275.84112 19.013 0.080
2460275.85399 18.928 0.084
2460276.60214 18.920 0.085
2460276.61471 18.876 0.090
2460276.62759 18.952 0.087
2460276.64017 19.124 0.101
2460276.65375 18.964 0.080
2460276.66635 19.058 0.089
2460276.68040 19.135 0.093
2460276.69297 19.044 0.084
2460276.70613 18.954 0.073
2460276.72258 19.146 0.094
2460276.73912 19.054 0.078
2460276.75175 19.182 0.100
2460276.76450 19.047 0.077
2460276.77751 19.024 0.077
2460276.79149 19.004 0.081
2460276.80410 18.965 0.076
2460276.81721 18.986 0.072
2460276.82980 18.991 0.077
2460276.84263 18.984 0.078
2460276.85530 18.947 0.095
2460277.64119 19.028 0.089
2460277.65374 18.930 0.074
2460277.66668 18.892 0.075
2460277.67931 18.944 0.078
2460277.69235 18.902 0.069
2460277.70504 18.953 0.068
2460277.71815 18.986 0.072
2460277.73083 18.961 0.064
2460277.74215 18.898 0.067
2460277.75475 18.898 0.068
2460277.76779 18.915 0.067
2460277.78037 18.923 0.070
2460277.79371 18.822 0.065
2460277.80638 18.874 0.068
2460277.81942 18.938 0.069
2460277.83205 18.953 0.075
2460277.84504 18.841 0.069
2460277.85777 18.845 0.083
2460278.63502 18.967 0.082
2460278.64773 18.832 0.070
2460278.66053 18.874 0.072
2460278.67313 18.872 0.073
2460278.68602 18.922 0.076
2460278.69860 18.946 0.084
2460278.71428 18.908 0.081
2460278.72700 18.925 0.073
2460278.74007 18.995 0.084
2460278.75283 18.893 0.069
2460278.76578 18.815 0.062
2460278.77974 18.822 0.067
2460278.79261 18.887 0.059
2460278.80528 18.836 0.056
2460278.81861 18.914 0.068
2460278.83126 18.881 0.069
2460278.84406 18.790 0.062
2460278.85670 18.983 0.114
2460279.63542 18.980 0.083
2460279.64794 18.956 0.076
2460279.66070 18.930 0.074
2460279.67322 18.997 0.069
2460279.68590 18.887 0.069
2460279.69841 18.938 0.063
2460279.71118 18.923 0.067
2460279.72375 18.943 0.062
2460279.73695 19.032 0.071
2460279.74948 18.897 0.070
2460279.78255 18.964 0.067
2460279.79510 18.964 0.068
2460279.80835 19.069 0.078
2460279.82094 19.053 0.077
2460279.83370 18.947 0.074
2460279.84622 19.152 0.102
2460279.85912 19.107 0.143
2460280.63316 19.058 0.076
2460280.64570 19.059 0.074
2460280.65849 19.154 0.082
2460280.67109 19.052 0.072
2460280.68385 19.132 0.073
2460280.69641 19.132 0.072
2460280.70919 19.103 0.073
2460280.72181 19.051 0.071
2460280.73459 19.052 0.076
2460280.74722 18.970 0.068
2460280.75999 18.993 0.077
2460280.77261 18.928 0.072
2460280.78526 18.924 0.070
2460280.80076 18.995 0.077
2460280.81387 18.928 0.067
2460280.82651 18.894 0.069
2460280.83926 18.912 0.071
2460280.85187 18.891 0.084
2460281.63264 18.997 0.077
2460281.64536 18.964 0.067
2460281.65834 18.997 0.071
2460281.67098 19.027 0.077
2460281.68377 19.014 0.079
2460281.69642 18.936 0.072
2460281.70924 18.832 0.069
2460281.72183 18.914 0.061
2460281.73466 18.850 0.055
2460281.74735 18.857 0.052
2460281.77343 18.832 0.054
2460281.78610 18.851 0.056
2460281.79888 18.848 0.057
2460281.81145 18.916 0.056
2460281.82419 18.866 0.061
2460281.83689 18.950 0.060
2460281.85550 18.937 0.075
2460282.63729 18.890 0.058
2460282.65001 18.855 0.057
2460282.66291 18.885 0.057
2460282.67555 18.869 0.051
2460282.68876 18.797 0.055
2460282.70140 18.833 0.056
2460282.71438 18.851 0.057
2460282.72708 18.959 0.057
2460282.73982 18.877 0.057
2460282.75251 18.960 0.059
2460282.76543 18.889 0.053
2460282.77815 18.811 0.052
2460282.79109 18.836 0.055
2460282.80421 19.028 0.069
2460282.81702 18.828 0.059
2460282.82971 18.918 0.064
2460282.84252 18.832 0.060
2460282.85524 18.908 0.101
2460283.63287 18.845 0.072
2460283.64555 19.012 0.081
2460283.65878 18.938 0.068
2460283.67135 18.904 0.069
2460283.68442 18.899 0.064
2460283.69699 19.010 0.068
2460283.71044 18.953 0.058
2460283.72300 18.866 0.053
2460283.73598 18.912 0.054
2460283.74865 18.926 0.052
2460283.76170 19.036 0.058
2460283.77426 18.960 0.060
2460283.78699 19.090 0.068
2460283.79968 19.069 0.072
2460283.81256 19.112 0.073
2460283.82578 19.058 0.072
2460283.83838 19.205 0.084
2460283.85094 19.129 0.084
2460284.60746 18.989 0.085
2460284.62004 19.018 0.081
2460284.63305 19.052 0.082
2460284.64562 19.105 0.088
2460284.65838 19.066 0.078
2460284.67103 19.006 0.067
2460284.68412 18.986 0.067
2460284.69675 19.009 0.060
2460284.70964 18.924 0.056
2460284.72217 18.907 0.056
2460284.73552 18.952 0.056
2460284.74813 18.975 0.053
2460284.76081 18.923 0.053
2460284.77332 18.887 0.048
2460284.78639 18.891 0.051
2460284.79898 18.892 0.054
2460284.81184 18.858 0.053
2460284.82442 18.873 0.058
2460284.83724 18.896 0.063
2460284.85170 18.866 0.072
2460285.62122 18.805 0.061
2460285.63382 18.970 0.065
2460285.64756 18.979 0.060
2460285.66021 18.974 0.059
2460285.73806 18.868 0.048
2460285.75074 18.894 0.052
2460285.76352 18.870 0.054
2460285.77613 18.837 0.049
2460285.78895 18.864 0.049
2460285.80154 18.885 0.053
2460285.81434 18.831 0.054
2460285.82694 18.835 0.055
2460285.83978 18.901 0.062
2460285.85239 18.926 0.072
2460286.60888 18.881 0.055
2460286.62156 18.759 0.054
2460286.63439 18.876 0.057
2460286.64707 18.853 0.051
2460286.66146 18.897 0.057
2460286.67686 18.900 0.058
2460286.68963 18.923 0.055
2460286.70227 18.878 0.051
2460286.71523 18.937 0.055
2460286.72786 18.952 0.048
2460286.74480 18.921 0.046
2460286.75744 18.934 0.050
2460286.77269 18.900 0.048
2460286.78543 18.856 0.051
2460286.79813 18.923 0.053
2460286.81089 18.920 0.055
2460286.82378 18.892 0.052
2460286.83642 18.908 0.058
2460286.84921 18.934 0.068
2460287.59899 19.053 0.088
2460287.61161 18.887 0.070
2460287.62452 18.969 0.064
2460287.63710 18.921 0.065
2460287.64987 18.926 0.062
2460287.66244 18.957 0.061
2460287.67533 18.934 0.065
2460287.68792 18.923 0.062
2460287.70075 18.982 0.065
2460287.71333 18.973 0.061
2460287.72614 19.003 0.065
2460287.73877 19.008 0.064
2460287.75149 19.127 0.071
2460287.76407 19.037 0.067
2460287.77684 19.072 0.068
2460287.78943 19.082 0.067
2460287.80221 19.076 0.072
2460287.81476 19.135 0.081
2460287.82989 19.041 0.078
2460287.84245 19.090 0.080
2460287.85525 19.047 0.094
2460288.59715 19.176 0.078
2460288.60973 19.181 0.077
2460288.62255 18.941 0.070
2460288.63514 19.048 0.076
2460288.64799 19.028 0.060
2460288.67248 18.958 0.062
2460288.68531 18.937 0.056
2460288.69792 18.929 0.056
2460288.71062 18.921 0.053
2460288.72323 18.955 0.052
2460288.73535 18.884 0.049
2460288.74801 18.883 0.050
2460288.76083 18.926 0.052
2460288.77351 18.910 0.048
2460288.78767 18.863 0.047
2460288.80030 18.921 0.051
2460288.81344 18.997 0.053
2460288.82602 18.896 0.049
2460288.83860 18.911 0.051
2460288.85129 18.965 0.059
2460289.64506 18.935 0.065
2460289.65768 18.917 0.054
2460289.67252 18.963 0.062
2460289.68514 18.906 0.054
2460289.69807 18.893 0.050
2460289.71073 18.844 0.050
2460289.72359 18.880 0.053
2460289.73630 18.868 0.060
2460289.74913 18.880 0.064
2460289.76182 18.918 0.063
2460289.81186 18.848 0.072
2460289.82446 18.882 0.068
2460289.84569 18.831 0.070
2460289.85840 18.837 0.123
2460290.60101 18.862 0.056
2460290.61360 18.923 0.058
2460290.62664 18.863 0.055
2460290.63927 18.873 0.056
2460290.65212 18.867 0.055
2460290.66476 18.865 0.058
2460290.67991 18.946 0.059
2460290.69255 18.985 0.063
2460290.70542 18.872 0.057
2460290.71801 18.860 0.052
2460290.73079 18.875 0.050
2460290.74343 18.923 0.049
2460290.75627 18.954 0.053
2460290.76895 18.934 0.053
2460290.78189 18.910 0.053
2460290.79514 18.936 0.061
2460290.80793 18.768 0.057
2460290.83407 18.894 0.068
2460290.84961 18.986 0.069
2460291.63480 18.946 0.053
2460291.64739 18.974 0.056
2460291.67255 19.080 0.063
2460291.68515 19.064 0.051
2460291.69787 19.047 0.055
2460291.71039 19.099 0.057
2460291.72314 19.064 0.052
2460291.73578 19.116 0.055
2460291.74883 19.180 0.064
2460291.76144 19.090 0.060
2460291.77424 19.088 0.061
2460291.78872 19.048 0.057
2460291.80134 19.105 0.064
2460291.81391 19.141 0.073
2460291.82663 18.963 0.063
2460291.83920 19.003 0.063
2460291.85219 18.972 0.065
2460292.61692 18.935 0.067
2460292.62950 18.946 0.059
2460292.64242 18.933 0.059
2460292.65504 18.980 0.058
2460292.67593 18.834 0.074
2460292.70709 18.967 0.068
2460292.72844 18.929 0.057
2460292.74280 18.988 0.062
2460292.75629 18.905 0.059
2460292.77259 18.832 0.052
2460293.65194 18.886 0.044
2460293.66452 18.955 0.047
2460293.67746 18.893 0.047
2460293.69151 18.871 0.044
2460293.70666 18.928 0.050
2460293.71927 18.969 0.052
2460293.73213 18.892 0.050
2460293.74467 18.891 0.052
2460293.75751 18.804 0.051
2460293.77011 18.897 0.067
2460293.78289 18.901 0.062
2460293.79547 18.851 0.057
2460293.80860 18.896 0.062
2460293.82113 18.878 0.058
2460293.83369 18.931 0.062
2460293.84629 19.015 0.068
2460293.85916 18.939 0.081
2460294.60812 18.885 0.059
2460294.62070 18.873 0.058
2460294.64071 18.868 0.054
2460294.65331 18.870 0.051
2460294.66622 18.882 0.051
2460294.67881 18.896 0.055
2460294.69191 18.967 0.058
2460294.70453 18.974 0.059
2460294.71745 18.854 0.055
2460294.73003 19.024 0.060
2460294.74468 18.946 0.055
2460294.75734 18.900 0.058
2460294.77021 18.882 0.068
2460294.78286 18.953 0.069
2460294.79576 19.047 0.087
2460294.80836 18.919 0.079
2460294.82116 18.959 0.083
2460294.83371 19.115 0.103
2460294.85628 19.145 0.118
2460295.64664 19.016 0.078
2460295.66998 19.120 0.074
2460295.68282 19.039 0.061
2460295.69557 19.182 0.068
2460295.70849 19.070 0.064
2460295.72125 19.070 0.067
2460295.73429 19.080 0.060
2460295.74698 19.044 0.058
2460295.75993 19.006 0.057
2460295.77259 18.973 0.055
2460295.78553 18.986 0.059
2460295.79818 18.967 0.068
2460295.81545 18.991 0.059
2460295.83729 18.886 0.057
2460295.84986 19.102 0.067
2460295.86265 18.805 0.088
2460296.64809 18.891 0.052
2460296.66069 18.943 0.049
2460296.67392 18.882 0.050
2460296.68647 18.902 0.047
2460296.69903 18.921 0.044
2460296.71159 18.900 0.043
2460296.72462 18.938 0.044
2460296.73721 18.956 0.048
2460296.75004 18.933 0.048
2460296.76326 18.923 0.047
2460296.77601 18.901 0.049
2460296.78864 18.866 0.046
2460296.80140 18.895 0.053
2460296.81400 18.872 0.052
2460296.82671 18.922 0.056
2460296.83929 18.868 0.048
2460296.85413 18.923 0.061
2460297.64398 18.910 0.082
2460297.65662 18.850 0.077
2460297.66945 18.914 0.083
2460297.68204 18.910 0.074
2460297.69482 18.943 0.074
2460297.70743 18.926 0.072
2460297.73293 18.941 0.067
2460297.74571 18.906 0.069
2460297.75837 18.887 0.072
2460297.77128 18.879 0.067
2460297.78387 18.914 0.068
2460297.79683 18.924 0.064
2460297.80947 18.897 0.072
2460297.82312 18.917 0.070
2460297.83581 18.976 0.078
2460297.84899 19.023 0.094
2460298.60135 18.880 0.068
2460298.61396 18.852 0.063
2460298.62683 18.879 0.060
2460298.63947 19.025 0.080
2460298.65242 18.928 0.072
2460298.66501 18.962 0.062
2460298.69546 18.978 0.058
2460298.70803 18.934 0.053
2460298.72083 18.929 0.056
2460298.73348 18.970 0.054
2460298.74629 18.997 0.060
2460298.75890 18.960 0.056
2460298.77185 19.025 0.059
2460298.78451 18.985 0.062
2460298.79725 19.017 0.075
2460298.80990 19.096 0.072
2460298.82316 19.035 0.069
2460298.83581 19.131 0.071
2460298.84857 19.079 0.079
2460299.60401 19.061 0.074
2460299.61664 19.152 0.091
2460299.62945 19.086 0.084
2460299.64214 19.174 0.089
2460299.65492 19.089 0.076
2460299.66757 19.119 0.071
2460299.68060 19.149 0.083
2460299.69328 19.035 0.079
2460299.70678 19.162 0.081
2460299.71943 18.935 0.057
2460299.73238 18.927 0.058
2460299.75733 18.979 0.065
2460299.77036 18.980 0.068
2460299.78297 18.907 0.061
2460299.79649 18.999 0.070
2460299.80901 18.943 0.070
2460299.82174 18.964 0.067
2460299.83426 18.945 0.070
2460299.84702 18.856 0.069
2460300.60155 18.977 0.071
2460300.61410 18.871 0.061
2460300.62736 18.847 0.060
2460300.63994 18.965 0.067
2460300.65271 18.847 0.056
2460300.66523 18.943 0.060
2460300.67844 18.909 0.057
2460300.69103 18.971 0.064
2460300.70376 18.946 0.056
2460300.71632 18.892 0.056
2460300.72913 18.927 0.063
2460300.74166 18.893 0.065
2460300.75492 18.869 0.052
2460300.76749 18.827 0.053
2460300.78029 18.818 0.053
2460300.79285 18.951 0.069
2460300.80560 18.950 0.064
2460300.81823 18.914 0.059
2460300.83105 18.856 0.056
2460300.84363 18.929 0.061
2460300.85424 18.897 0.087
2460301.57009 18.974 0.082
2460301.58278 18.900 0.063
2460301.59603 18.882 0.059
2460301.60860 18.885 0.061
2460301.62161 19.004 0.077
2460301.63427 18.922 0.073
2460301.64717 18.843 0.058
2460301.65974 18.834 0.054
2460301.68915 18.920 0.058
2460301.70179 18.903 0.059
2460301.71459 18.892 0.055
2460301.72760 18.968 0.058
2460301.74044 18.942 0.059
2460301.75302 18.887 0.058
2460301.76621 18.976 0.061
2460301.77913 18.904 0.055
2460301.79209 18.881 0.055
2460301.80466 18.942 0.059
2460301.81806 19.011 0.061
2460301.83069 18.950 0.055
2460301.84350 18.880 0.054
2460301.85614 18.822 0.057
2460302.61982 18.979 0.059
2460302.63244 18.877 0.056
2460302.64528 18.924 0.057
2460302.65796 18.961 0.064
2460302.67083 18.929 0.054
2460302.68373 19.026 0.063
2460302.69704 18.957 0.063
2460302.71061 18.965 0.063
2460302.72336 18.997 0.059
2460302.73642 19.047 0.063
2460302.74941 18.999 0.072
2460302.76206 19.101 0.074
2460302.77550 19.138 0.081
2460302.78809 19.086 0.079
2460302.81348 19.148 0.070
2460302.82631 19.196 0.075
2460302.83902 19.135 0.080
2460302.85187 19.121 0.075
2460303.60303 19.102 0.069
2460303.61689 19.112 0.065
2460303.62993 19.077 0.068
2460303.64261 19.089 0.072
2460303.65549 19.041 0.068
2460303.66820 19.143 0.075
2460303.68177 19.071 0.068
2460303.69443 18.936 0.060
2460303.70766 18.972 0.061
2460303.72161 18.956 0.063
2460303.73489 18.925 0.060
2460305.71012 18.891 0.076
2460305.72266 18.923 0.084
2460305.73538 18.981 0.105
2460305.75578 18.999 0.074
2460305.76854 18.982 0.088
2460305.78115 18.885 0.072
2460305.79452 18.855 0.076
2460305.80707 19.033 0.105
2460305.81987 18.923 0.110
2460307.58117 19.053 0.063
2460307.70823 18.936 0.115
2460308.58695 18.946 0.052
2460308.60164 18.968 0.058
2460308.61659 18.894 0.054
2460308.62915 18.935 0.057
2460308.64211 18.874 0.053
2460308.65468 18.938 0.058
2460308.66538 18.889 0.057
2460308.67792 18.929 0.059
2460308.69232 18.872 0.056
2460308.70704 19.001 0.077
2460308.72827 18.914 0.074
2460309.60098 18.894 0.056
2460309.61357 18.978 0.062
2460309.62654 18.969 0.062
2460309.63916 18.877 0.068
2460309.65202 18.970 0.077
2460309.66466 18.902 0.078
2460309.67796 18.953 0.067
2460309.69056 18.984 0.071
2460309.70335 18.961 0.075
2460309.71595 18.954 0.094
2460309.74262 18.933 0.093
2460309.76681 19.072 0.101
2460309.78355 18.908 0.073
2460309.79609 18.995 0.083
2460309.80908 18.953 0.079
2460309.82172 18.982 0.079
2460309.83439 18.954 0.076
2460310.57820 18.957 0.052
2460310.59078 18.946 0.046
2460310.60516 18.904 0.046
2460310.61781 18.968 0.044
2460310.63061 18.949 0.048
2460310.64318 18.980 0.052
2460310.65661 19.085 0.055
2460310.66919 19.019 0.055
2460310.68212 19.035 0.054
2460310.69473 19.139 0.063
2460310.70760 19.094 0.063
2460310.72021 19.150 0.070
2460310.73372 19.152 0.070
2460310.74634 19.093 0.071
2460310.75919 19.099 0.073
2460310.77186 19.081 0.075
2460310.78473 19.190 0.079
2460310.79736 18.994 0.070
2460310.81016 19.122 0.080
2460310.82278 18.889 0.062
2460311.57822 18.986 0.048
2460311.59085 18.988 0.046
2460311.60408 18.981 0.052
2460311.61675 18.977 0.048
2460311.62974 18.908 0.047
2460311.64273 18.934 0.049
2460311.65603 18.969 0.049
2460311.66860 18.937 0.051
2460311.68184 19.016 0.055
2460311.69442 18.957 0.055
2460311.70732 18.930 0.052
2460311.71986 18.980 0.052
2460311.73367 18.897 0.049
2460311.74626 18.913 0.050
2460311.75900 18.921 0.053
2460311.77156 18.871 0.053
2460311.78797 18.936 0.057
2460311.80051 18.842 0.054
2460311.81317 18.870 0.057
2460311.82572 18.970 0.065
2460312.60462 18.827 0.048
2460312.61719 18.881 0.048
2460312.62988 18.935 0.051
2460312.64243 18.916 0.049
2460312.65523 18.866 0.046
2460312.66818 18.923 0.048
2460312.68143 18.931 0.052
2460312.69402 18.849 0.048
2460312.70672 18.919 0.051
2460312.71929 18.863 0.051
2460312.73216 18.924 0.056
2460312.74472 18.961 0.062
2460312.75790 18.896 0.056
2460312.77048 18.939 0.060
2460312.78326 18.926 0.059
2460312.79590 18.936 0.058
2460312.80865 18.884 0.057
2460312.82119 18.862 0.051
2460313.57875 18.906 0.050
2460313.59139 18.864 0.046
2460313.60431 18.865 0.046
2460313.61690 18.941 0.047
2460313.62977 18.875 0.044
2460313.64232 18.875 0.042
2460313.65624 18.943 0.049
2460313.66886 18.887 0.044
2460313.68169 18.939 0.050
2460313.69425 18.923 0.050
2460313.70757 18.881 0.048
2460313.72011 18.939 0.052
2460313.73328 18.909 0.051
2460313.74586 18.964 0.058
2460313.75871 18.932 0.049
2460313.77165 19.010 0.055
2460313.78446 19.008 0.060
2460313.79702 18.937 0.050
2460313.80971 19.040 0.059
2460314.57682 18.949 0.058
2460314.58972 19.007 0.056
2460314.60255 19.011 0.055
2460314.61511 19.001 0.052
2460314.62793 19.056 0.052
2460314.64099 18.998 0.052
2460314.65454 19.099 0.060
2460314.66752 19.118 0.067
2460314.68075 19.029 0.063
2460314.69342 19.008 0.059
2460314.70631 19.106 0.067
2460314.71889 19.135 0.069
2460314.73225 18.995 0.058
2460314.74482 19.010 0.059
2460314.75766 18.950 0.055
2460314.77027 18.962 0.067
2460314.78307 18.956 0.054
2460314.79577 18.958 0.055
2460314.80865 18.922 0.053
2460314.82132 18.894 0.052
2460315.57728 18.979 0.050
2460315.59020 18.956 0.046
2460315.60310 18.966 0.047
2460315.61571 18.947 0.043
2460315.62859 18.940 0.046
2460315.64119 18.869 0.043
2460315.65468 18.913 0.043
2460315.66726 18.889 0.043
2460315.68025 18.885 0.041
2460315.69282 18.856 0.041
2460315.70554 18.907 0.043
2460315.71805 18.876 0.041
2460315.73437 18.904 0.043
2460315.74721 18.884 0.046
2460315.76036 18.877 0.048
2460315.77293 18.899 0.048
2460315.78561 18.926 0.053
2460315.79822 18.868 0.048
2460315.81090 18.925 0.046
2460316.54949 18.973 0.052
2460316.56207 18.875 0.050
2460316.57519 18.926 0.049
2460316.58776 18.935 0.050
2460316.60066 18.966 0.053
2460316.61326 18.922 0.052
2460316.62658 18.850 0.052
2460316.63914 18.873 0.059
2460316.65190 18.874 0.062
2460316.66445 18.909 0.051
2460316.67721 18.929 0.058
2460316.68979 18.892 0.050
2460316.70305 18.888 0.050
2460316.71566 18.879 0.048
2460316.72856 18.944 0.052
2460316.74119 18.887 0.051
2460316.75400 18.863 0.052
2460316.76662 18.889 0.056
2460316.77949 18.966 0.059
2460316.79209 18.963 0.055
2460316.80480 18.927 0.055
2460317.59356 18.887 0.051
2460317.60825 18.930 0.052
2460317.62099 18.921 0.051
2460317.63364 18.967 0.055
2460317.64631 18.879 0.051
2460317.66705 18.904 0.061
2460317.68083 18.980 0.055
2460317.69347 18.934 0.054
2460317.70738 18.880 0.053
2460317.72137 18.966 0.055
2460317.73467 19.021 0.068
2460317.74778 18.926 0.059
2460318.57428 19.108 0.073
2460318.58702 19.127 0.076
2460318.59977 19.035 0.072
2460318.61917 19.067 0.087
2460318.63432 19.109 0.080
2460318.64708 19.144 0.065
2460318.66350 19.096 0.059
2460318.67617 19.070 0.061
2460318.68918 19.016 0.058
2460318.70187 18.958 0.057
2460318.71540 19.042 0.064
2460318.72807 19.018 0.062
2460318.74167 18.916 0.059
2460318.75434 18.937 0.070
2460318.76733 18.961 0.071
2460318.78028 18.846 0.063
2460318.79313 18.917 0.067
2460318.80585 19.065 0.071
2460319.59141 18.990 0.062
2460319.60418 18.962 0.061
2460319.61710 18.874 0.051
2460319.62970 18.919 0.055
2460319.64271 18.983 0.058
2460319.65545 18.931 0.056
2460319.66881 18.872 0.052
2460319.68151 18.934 0.057
2460319.69449 18.956 0.057
2460319.70710 18.892 0.061
2460319.72000 18.851 0.063
2460319.73262 18.920 0.064
2460319.74535 18.961 0.064
2460319.76666 18.908 0.074
2460319.78006 18.824 0.056
2460319.79271 18.941 0.063
2460320.62026 18.872 0.057
2460320.63279 18.906 0.056
2460320.64557 18.941 0.061
2460320.65814 18.937 0.063
2460320.67110 18.838 0.059
2460320.68507 18.814 0.061
2460320.69808 18.836 0.063
2460320.71215 18.847 0.061
2460320.72820 18.821 0.059
2460320.74079 18.924 0.071
2460320.75472 19.007 0.074
2460320.76729 18.885 0.058
2460320.77993 18.923 0.061
2460320.79247 18.888 0.057
2460321.58236 18.914 0.058
2460321.59492 18.947 0.057
2460321.60782 18.902 0.050
2460321.62043 18.987 0.051
2460321.63505 18.983 0.051
2460321.64766 18.918 0.048
2460321.66069 18.935 0.051
2460321.67332 18.955 0.051
2460321.68641 18.936 0.056
2460321.69905 19.041 0.071
2460321.71194 18.961 0.059
2460321.72452 19.099 0.067
2460321.73755 19.048 0.059
2460321.75015 19.152 0.075
2460321.76366 19.164 0.072
2460321.77626 19.148 0.062
2460321.78910 19.125 0.062
2460321.80170 19.110 0.060
2460322.57083 19.026 0.055
2460322.58349 19.049 0.055
2460322.59649 19.142 0.058
2460322.60908 19.066 0.062
2460322.62195 19.083 0.060
2460322.63465 19.110 0.059
2460322.64744 18.975 0.056
2460322.66010 19.025 0.053
2460322.67301 18.967 0.055
2460322.68561 18.915 0.049
2460322.69879 18.954 0.050
2460322.71147 18.941 0.051
2460322.72440 18.861 0.048
2460322.73702 18.953 0.058
2460322.75052 18.926 0.050
2460322.76313 18.961 0.052
2460322.77615 18.889 0.053
2460322.78876 18.877 0.052
2460323.58398 18.943 0.063
2460323.59662 18.877 0.056
2460323.60941 18.860 0.060
2460323.62203 18.901 0.051
2460323.63507 18.835 0.048
2460323.64827 18.886 0.047
2460323.66125 18.894 0.054
2460323.67395 18.878 0.052
2460323.68684 18.961 0.057
2460323.69952 18.911 0.058
2460323.71240 18.918 0.053
2460323.72504 18.897 0.059
2460323.73839 18.859 0.053
2460323.75099 18.896 0.050
2460323.76481 18.927 0.057
2460323.77913 18.901 0.061
2460324.61083 18.848 0.057
2460324.62336 18.877 0.058
2460324.63649 18.848 0.054
2460324.64908 18.772 0.050
2460324.66232 18.936 0.055
2460324.67486 18.884 0.060
2460324.68761 18.999 0.072
2460324.70124 18.882 0.071
2460324.71400 18.977 0.069
2460324.72870 18.982 0.089
2460324.78890 19.002 0.073
2460325.57969 18.954 0.056
2460325.59226 18.969 0.054
2460325.60545 18.841 0.048
2460325.61800 18.979 0.050
2460325.63097 19.003 0.054
2460325.64357 19.007 0.053
2460325.65678 18.959 0.049
2460325.67393 18.984 0.051
2460325.68722 19.064 0.057
2460325.69979 18.991 0.046
2460325.71461 19.090 0.055
2460325.72722 19.058 0.077
2460325.73992 19.096 0.075
2460325.75256 19.091 0.088
2460325.77003 19.015 0.064
2460325.78371 19.044 0.073
2460326.60524 19.106 0.075
2460326.61787 18.947 0.053
2460326.63130 18.949 0.055
2460326.64395 19.055 0.058
2460326.65694 18.997 0.055
2460326.66950 18.923 0.051
2460326.68218 18.890 0.049
2460326.69487 18.953 0.060
2460326.70771 18.968 0.052
2460326.72026 18.954 0.057
2460326.73309 18.933 0.059
2460326.74574 18.979 0.065
2460326.75870 18.963 0.071
2460326.77137 18.947 0.061
2460327.58136 18.811 0.063
2460327.59518 18.888 0.051
2460327.62021 18.922 0.052
2460327.63338 18.928 0.056
2460327.64617 18.875 0.057
2460327.65878 18.865 0.063
2460327.67166 18.913 0.064
2460327.68434 18.877 0.063
2460327.69719 18.886 0.055
2460327.70989 18.917 0.055
2460327.72323 18.961 0.056
2460327.75048 18.891 0.050
2460327.76345 18.941 0.053
2460327.78976 18.925 0.049
2460328.59180 18.829 0.063
2460328.60447 18.949 0.067
2460328.61736 18.908 0.059
2460328.63001 18.865 0.051
2460328.67822 18.871 0.055
2460328.69095 18.961 0.051
2460328.70382 18.875 0.054
2460328.71658 18.980 0.055
2460328.73472 18.961 0.049
2460328.74734 18.948 0.051
2460328.76147 18.983 0.059
2460328.77416 18.969 0.060
2460329.61205 18.879 0.063
2460329.62472 18.968 0.064
2460329.63756 19.017 0.068
2460329.65014 19.019 0.062
2460329.66309 19.073 0.070
2460329.67565 19.101 0.067
2460329.68851 19.052 0.060
2460329.70107 19.137 0.067
2460329.70366 19.228 0.074
2460329.71658 19.068 0.060
2460329.73182 19.050 0.059
2460329.74450 19.081 0.057
2460329.75748 19.051 0.053
2460329.77027 19.023 0.054
2460329.78288 19.040 0.058
2460330.58042 18.901 0.058
2460330.59301 18.924 0.061
2460330.60623 18.871 0.056
2460330.61880 18.942 0.091
2460330.63662 19.003 0.085
2460330.64920 18.989 0.074
2460330.66220 18.955 0.067
2460330.67480 18.946 0.078
2460330.68790 18.961 0.068
2460330.70050 18.906 0.060
2460330.71380 18.983 0.063
2460330.72638 18.956 0.063
2460330.73911 18.931 0.058
2460330.75170 18.907 0.057
2460330.76465 18.966 0.055
2460330.77728 18.938 0.052
2460331.57750 18.929 0.062
2460331.59008 18.880 0.061
2460331.60299 18.842 0.057
2460331.61558 18.990 0.063
2460331.62897 18.931 0.058
2460331.64166 18.865 0.056
2460331.65491 18.904 0.062
2460331.66745 18.894 0.057
2460331.68035 18.909 0.060
2460331.69292 18.842 0.056
2460331.70593 18.927 0.055
2460331.71857 18.852 0.053
2460331.73144 18.929 0.060
2460331.74414 18.925 0.056
2460331.75695 18.868 0.054
2460331.76963 18.894 0.053
2460332.61281 18.943 0.055
2460332.62543 18.920 0.053
2460332.64288 19.070 0.063
2460332.65548 18.884 0.052
2460332.66850 18.996 0.057
2460332.68276 19.010 0.058
2460332.69578 18.949 0.059
2460332.70840 18.921 0.057
2460332.72130 18.968 0.060
2460332.73403 18.912 0.060
2460332.74688 18.974 0.062
2460332.75958 18.992 0.067
2460333.58610 18.956 0.065
2460333.59876 19.182 0.077
2460333.61176 19.067 0.069
2460333.62436 19.027 0.067
2460333.63882 19.051 0.071
2460333.65153 19.042 0.068
2460333.68082 18.997 0.067
2460333.69360 19.037 0.075
2460333.70671 18.968 0.069
2460333.71932 19.029 0.072
2460333.73218 18.953 0.068
2460333.74478 18.956 0.065
2460333.75888 18.971 0.074
2460334.57999 18.944 0.076
2460334.59266 18.912 0.071
2460334.60557 18.870 0.064
2460334.61810 18.874 0.062
2460334.63454 18.843 0.063
2460334.64710 18.945 0.073
2460334.66056 18.943 0.072
2460334.67308 18.941 0.071
2460334.68592 18.917 0.067
2460334.69848 18.965 0.073
2460334.71122 18.876 0.068
2460334.72386 18.938 0.072
2460334.73670 18.858 0.072
2460334.74935 18.811 0.065
2460335.56866 18.864 0.068
2460335.58123 18.869 0.068
2460335.59392 18.903 0.068
2460335.60653 18.801 0.060
2460335.61938 18.872 0.067
2460335.63200 18.896 0.064
2460335.64489 18.882 0.071
2460335.65756 18.945 0.071
2460335.67056 18.879 0.065
2460335.68315 18.896 0.069
2460335.69593 18.930 0.072
2460335.70846 18.907 0.077
2460335.72140 18.782 0.062
2460335.73399 18.852 0.064
2460335.74681 18.888 0.067
2460335.75935 18.916 0.070
2460336.59180 18.809 0.071
2460336.60439 19.020 0.082
2460336.61767 18.913 0.069
2460336.63031 18.942 0.072
2460336.64308 18.962 0.079
2460336.65566 18.981 0.075
2460336.66864 18.940 0.076
2460336.68123 19.027 0.084
2460336.69402 19.071 0.088
2460336.70663 18.870 0.072
2460336.72264 18.997 0.076
2460336.73536 18.848 0.069
2460336.74883 19.009 0.080
2460336.76148 19.112 0.094
2460337.56433 19.122 0.072
2460337.57697 19.015 0.062
2460337.62432 19.067 0.065
2460337.63689 19.038 0.069
2460337.65480 19.085 0.076
2460337.66744 18.899 0.065
2460337.68019 18.938 0.068
2460337.69336 18.946 0.063
2460337.70608 18.972 0.069
2460337.71881 18.978 0.067
2460337.73174 18.998 0.067
2460337.74443 18.959 0.077
2460338.56533 18.907 0.050
2460338.57798 18.879 0.051
2460338.59084 18.968 0.055
2460338.60340 18.922 0.056
2460338.61629 18.968 0.058
2460338.62903 18.900 0.059
2460338.64192 18.894 0.054
2460338.65468 18.908 0.055
2460338.66761 18.949 0.059
2460338.68021 18.967 0.058
2460338.69359 18.884 0.057
2460338.70622 18.962 0.059
2460338.71931 18.866 0.055
2460338.73189 18.847 0.054
2460339.54478 18.986 0.061
2460339.55742 18.814 0.052
2460339.57028 18.863 0.056
2460339.58284 18.988 0.060
2460339.59576 18.896 0.058
2460339.60832 18.847 0.058
2460339.62114 18.881 0.061
2460339.63368 18.911 0.061
2460339.64679 18.974 0.068
2460339.65933 18.893 0.067
2460340.56805 18.945 0.054
2460340.58070 19.018 0.068
2460340.59359 18.973 0.062
2460340.60623 18.859 0.053
2460340.61911 18.949 0.070
2460340.63168 18.881 0.069
2460340.64466 18.914 0.061
2460340.65730 18.964 0.084
2460340.67028 18.985 0.075
2460340.68286 18.881 0.074
2460340.69600 18.997 0.073
2460340.70872 19.010 0.081
2460341.57945 19.031 0.052
2460341.59210 19.121 0.068
2460341.60487 19.071 0.060
2460341.61745 19.046 0.061
2460341.63054 19.009 0.058
2460341.64312 18.975 0.073
2460341.65603 18.899 0.059
2460341.66862 18.962 0.060
2460341.68191 18.922 0.055
2460341.69450 18.962 0.065
2460342.59057 18.973 0.048
2460342.60322 18.907 0.043
2460342.61627 18.903 0.038
2460342.63648 18.924 0.041
2460342.64906 18.879 0.043
2460342.66237 18.912 0.043
2460342.67494 18.912 0.046
2460342.68799 18.920 0.046
2460342.70062 18.816 0.042
2460342.71377 18.900 0.056
2460342.72643 18.921 0.054
2460342.73914 18.960 0.056
2460342.75173 18.892 0.048
2460343.56337 18.824 0.064
2460343.57600 18.909 0.064
2460343.58902 18.937 0.053
2460343.60159 18.857 0.063
2460343.61446 18.902 0.063
2460343.63010 18.825 0.059
2460343.64327 18.903 0.061
2460343.65725 18.935 0.060
2460343.67023 18.892 0.058
2460343.68289 18.966 0.077
2460344.56350 19.017 0.065
2460344.57639 18.957 0.052
2460344.58938 18.996 0.071
2460345.54945 19.143 0.059
2460345.56243 19.035 0.056
2460345.57545 19.103 0.063
2460345.58904 19.150 0.075
2460345.60207 18.936 0.063
2460345.61516 19.057 0.065
2460345.64399 18.900 0.051
2460346.56096 18.944 0.053
2460346.57389 18.923 0.049
2460346.58692 18.844 0.055
2460346.59954 18.853 0.051
2460346.61267 18.913 0.053
2460346.62560 18.892 0.046
2460346.63854 18.889 0.052
2460346.65111 18.854 0.051
2460347.53169 18.759 0.058
2460347.54456 18.842 0.064
2460347.56154 19.009 0.061
2460347.57409 18.885 0.047
2460347.61170 18.878 0.051
2460347.62436 18.888 0.054
2460347.64103 18.932 0.052
2460347.65443 18.954 0.049
2460347.66734 18.911 0.055
2460347.68070 19.035 0.061
2460347.69374 18.925 0.052
2460347.70633 18.934 0.051
2460347.71905 18.937 0.053
2460347.73168 18.960 0.050
2460347.74479 18.870 0.048
2460349.57566 18.922 0.047
2460349.58911 18.899 0.043
2460349.60329 18.959 0.048
2460349.61586 18.979 0.049
2460349.64490 18.960 0.048
2460349.65747 18.914 0.050
2460349.67042 18.938 0.048
2460349.68550 18.878 0.043
2460349.69849 18.867 0.049
2460349.71101 18.953 0.049
2460349.72402 18.930 0.058
2460349.73656 18.990 0.050
2460351.53222 18.898 0.043
2460351.54512 18.882 0.040
2460351.55791 18.881 0.040
2460351.57046 18.939 0.046
2460351.58348 18.873 0.038
2460351.59632 18.909 0.040
2460351.62739 18.955 0.039
2460351.63996 18.951 0.042
2460351.65271 18.937 0.039
2460351.66555 18.958 0.040
2460351.67838 18.923 0.040
2460351.69096 18.966 0.043
2460351.70401 18.963 0.044
2460351.71655 18.958 0.042
2460351.72948 18.970 0.049
2460351.74210 19.041 0.062
2460352.56719 19.059 0.049
2460352.57985 18.987 0.049
2460352.59277 19.093 0.052
2460352.60562 19.105 0.052
2460352.61844 19.041 0.049
2460352.63104 19.112 0.052
2460352.64389 19.069 0.050
2460352.65654 19.050 0.047
2460352.66929 19.128 0.052
2460352.68249 19.109 0.049
2460352.69538 19.075 0.050
2460352.70800 18.935 0.044
2460353.52910 19.003 0.071
2460353.54207 18.974 0.049
2460353.55493 18.984 0.050
2460353.56762 18.942 0.047
2460353.58074 18.982 0.059
2460353.59395 18.947 0.046
2460353.62393 18.889 0.052
2460353.63654 18.970 0.055
2460353.64949 18.963 0.055
2460353.66207 18.949 0.063
2460353.67508 18.934 0.058
2460353.68865 18.947 0.060
2460354.52761 18.860 0.048
2460354.54015 18.906 0.046
2460354.55322 18.919 0.046
2460354.57410 18.903 0.051
2460354.58906 18.872 0.050
2460354.60164 18.914 0.057
2460354.61495 18.898 0.049
2460354.62754 18.921 0.049
2460354.64065 18.928 0.052
2460354.65357 18.843 0.048
2460354.66671 18.898 0.048
2460354.67935 18.935 0.048
2460354.69233 18.891 0.044
2460354.70490 18.860 0.042
2460354.71997 18.863 0.050
2460354.73262 18.957 0.067
2460355.52567 18.888 0.050
2460355.53827 18.861 0.042
2460355.55128 18.896 0.043
2460355.56895 18.928 0.046
2460355.58518 18.887 0.044
2460355.59841 18.882 0.046
2460355.61137 18.976 0.053
2460355.62405 18.915 0.049
2460355.65201 18.909 0.050
2460355.66465 18.984 0.053
2460355.67751 18.935 0.051
2460355.69020 18.877 0.046
2460355.70304 18.947 0.047
2460355.71567 18.938 0.047
2460355.72865 19.016 0.053
2460355.74125 19.060 0.067
2460356.52882 19.095 0.069
2460356.54150 19.096 0.053
2460356.55436 19.186 0.056
2460356.56735 19.067 0.060
2460356.58032 19.193 0.061
2460356.59304 19.170 0.060
2460356.61057 19.122 0.058
2460356.62325 19.053 0.060
2460356.63612 19.039 0.065
2460356.64910 19.046 0.058
2460356.66204 19.002 0.058
2460356.67476 18.978 0.049
2460356.68766 18.942 0.050
2460356.70023 18.908 0.048
2460356.71537 18.935 0.055
2460356.72812 19.010 0.053
2460357.52715 18.955 0.063
2460357.53978 18.959 0.057
2460357.55287 18.947 0.051
2460357.56605 18.948 0.057
2460357.57905 18.881 0.049
2460357.59182 18.971 0.052
2460357.62100 19.002 0.049
2460357.63390 18.904 0.048
2460357.64690 18.901 0.046
2460357.65954 18.968 0.047
2460357.67251 18.927 0.046
2460357.68522 18.958 0.049
2460357.69824 18.956 0.057
2460357.71099 18.858 0.055
2460357.72401 18.978 0.069
2460357.73896 18.962 0.067
2460358.52598 18.957 0.062
2460358.53865 18.898 0.053
2460358.55150 18.905 0.051
2460358.56646 18.887 0.051
2460358.57960 18.899 0.053
2460358.59227 18.906 0.053
2460358.60509 18.907 0.054
2460358.61764 18.924 0.054
2460358.63055 18.870 0.049
2460358.64381 18.935 0.050
2460358.65674 18.937 0.051
2460358.66930 18.894 0.046
2460358.68232 18.935 0.056
2460358.69492 18.939 0.058
2460359.65932 18.998 0.058
2460359.67196 19.059 0.069
2460359.68486 19.001 0.065
2460359.69748 19.138 0.077
2460360.52537 18.987 0.080
2460360.53799 19.135 0.083
2460360.55097 18.969 0.069
2460360.56354 19.078 0.072
2460360.59355 19.093 0.071
2460360.60620 19.029 0.078
2460360.61947 19.066 0.078
2460360.63229 18.956 0.061
2460360.64510 18.940 0.073
2460360.65765 18.996 0.064
2460360.67115 18.922 0.061
2460360.68377 18.787 0.071
2460361.52897 19.025 0.071
2460361.54152 19.048 0.089
2460361.55584 18.925 0.065
2460361.56843 18.859 0.054
2460361.58153 18.959 0.067
2460361.59409 18.863 0.057
2460361.60716 18.920 0.062
2460361.61968 19.019 0.071
2460362.55773 18.845 0.078
2460362.57380 18.912 0.099
2460362.58913 18.913 0.085
2460362.61911 18.838 0.087
2460362.64340 19.033 0.115
2460362.65624 18.973 0.091
2460362.66888 18.902 0.096
2460364.52788 18.994 0.098
2460364.57861 18.907 0.071
2460364.59152 18.939 0.076
2460364.60424 19.086 0.101
2460364.61721 18.949 0.087
2460364.62977 19.018 0.103
2460365.52686 18.959 0.075
2460365.53943 18.984 0.078
2460365.55222 19.013 0.071
2460365.56482 18.925 0.071
2460365.57760 18.833 0.073
2460365.59012 18.859 0.070
2460365.62282 18.929 0.071
2460365.63539 18.933 0.070
2460365.64823 18.949 0.068
2460365.66083 18.956 0.096
2460366.51301 18.895 0.096
2460366.61148 18.849 0.079
2460366.62429 18.934 0.078
2460366.63690 18.888 0.073
2460366.64972 18.787 0.069
2460366.66229 18.978 0.081
2460366.67573 18.815 0.072
2460366.68838 18.910 0.085
2460366.70148 19.093 0.096
2460367.56110 18.983 0.087
2460367.57404 18.914 0.091
2460367.58674 19.017 0.085
2460367.61140 18.914 0.083
2460367.63699 19.219 0.108
2460367.64962 19.172 0.090
2460367.66358 19.112 0.087
2460367.67625 19.059 0.084
2460367.68909 19.075 0.085
2460367.70169 19.071 0.094
2460368.51514 18.944 0.072
2460368.52775 18.929 0.057
2460368.54072 18.919 0.070
2460368.55337 19.107 0.075
2460368.56642 18.971 0.068
2460368.57915 18.976 0.069
2460368.59226 18.996 0.070
2460368.61240 19.051 0.081
2460368.62532 19.035 0.079
2460368.63791 18.987 0.072
2460368.65094 18.959 0.063
2460368.66354 18.852 0.075
2460368.67681 18.875 0.080
2460369.51636 18.931 0.061
2460369.52912 19.002 0.054
2460369.55840 18.900 0.051
2460369.57119 18.882 0.052
2460369.58414 18.937 0.054
2460369.59677 18.898 0.052
2460369.60955 18.886 0.052
2460369.62224 18.949 0.055
2460369.63515 18.901 0.055
2460369.64776 18.930 0.054
2460369.66074 18.839 0.050
2460369.67337 18.954 0.058
2460370.51484 18.909 0.064
2460370.52924 18.969 0.058
2460370.54217 18.850 0.061
2460370.55471 18.893 0.062
2460370.56812 18.983 0.059
2460370.58072 18.948 0.064
2460370.59643 18.936 0.061
2460370.60901 18.953 0.065
2460370.62190 18.986 0.062
2460370.63447 19.004 0.071
2460370.64732 19.024 0.083
2460370.65991 18.954 0.063
2460370.67282 18.858 0.058
2460370.68539 18.912 0.059
2460371.51944 18.946 0.061
2460371.53200 18.914 0.071
2460371.54503 19.022 0.070
2460371.55761 19.132 0.065
2460371.60626 19.103 0.064
2460371.61885 19.109 0.068
2460371.63185 19.034 0.057
2460371.64448 19.034 0.061
2460371.65731 19.107 0.073
2460371.66995 19.048 0.057
2460372.51505 18.901 0.060
2460372.52774 18.957 0.054
2460372.54060 18.972 0.054
2460372.55611 19.024 0.058
2460372.56895 18.954 0.058
2460372.58161 18.862 0.059
2460372.59444 18.980 0.056
2460372.60707 18.969 0.052
2460372.61976 18.901 0.051
2460372.63244 18.948 0.052
2460372.64534 18.944 0.051
2460372.65791 18.886 0.049
2460373.65223 18.869 0.042
2460373.66491 18.878 0.047
2460374.51371 18.861 0.074
2460374.52629 18.879 0.071
2460374.53925 18.908 0.070
2460374.55184 18.919 0.070
2460374.56477 18.948 0.062
2460374.57737 18.877 0.056
2460374.59044 19.084 0.074
2460374.60303 18.938 0.059
2460374.64076 18.901 0.053
2460374.65340 18.905 0.052
2460374.66767 18.933 0.056
2460374.68037 18.977 0.061
2460375.56221 19.109 0.070
2460375.58234 19.074 0.076
2460375.59548 19.169 0.082
2460375.60816 19.025 0.070
2460375.63167 19.061 0.067
2460375.64424 18.970 0.063
2460375.65723 18.965 0.067
2460375.66992 18.928 0.063
2460375.68291 18.957 0.063
2460375.69555 18.858 0.059
2460376.51770 18.944 0.065
2460376.53112 18.973 0.063
2460376.54401 18.831 0.055
2460376.55699 18.915 0.057
2460376.57001 18.956 0.060
2460376.58262 18.931 0.062
2460376.59548 18.968 0.063
2460376.60803 18.915 0.053
2460376.62090 18.936 0.059
2460376.63348 18.913 0.058
2460376.64632 18.891 0.058
2460377.50828 18.861 0.071
2460377.52095 18.892 0.065
2460377.53390 18.794 0.055
2460377.54661 18.859 0.057
2460377.55948 18.886 0.067
2460377.57220 18.924 0.070
2460377.58509 18.897 0.065
2460377.59779 18.852 0.058
2460377.61071 18.892 0.053
2460377.62345 18.943 0.059
2460377.63652 18.858 0.057
2460377.64926 18.908 0.061
2460377.66234 18.934 0.060
2460377.67497 18.893 0.059
2460378.50849 18.983 0.075
2460378.52117 18.963 0.068
2460378.53480 18.922 0.059
2460378.54742 18.991 0.067
2460378.57675 18.851 0.054
2460378.58933 18.992 0.060
2460378.60218 18.981 0.081
2460378.61474 18.939 0.068
2460378.62754 18.981 0.059
2460378.64006 18.920 0.056
2460378.65293 18.963 0.068
2460378.66557 19.020 0.062
2460379.50984 19.096 0.060
2460379.52294 19.182 0.082
2460379.53617 19.066 0.073
2460379.54878 19.014 0.060
2460379.56817 19.067 0.061
2460379.58080 18.949 0.053
2460379.60421 19.058 0.067
2460379.61677 18.944 0.065
2460379.62971 18.983 0.060
2460380.50796 18.992 0.072
2460380.52054 18.954 0.072
2460380.53356 18.873 0.056
2460380.54615 18.968 0.060
2460380.55947 18.936 0.064
2460380.57209 18.825 0.061
2460380.58500 18.948 0.064
2460380.59764 18.905 0.070
2460380.61049 18.846 0.060
2460380.62313 18.887 0.061
2460380.63604 18.974 0.065
2460380.64874 18.847 0.060
2460380.66161 18.870 0.056
2460380.67422 18.930 0.059
2460381.50663 18.963 0.070
2460381.51935 18.916 0.061
2460381.53227 18.868 0.057
2460381.54494 18.838 0.058
2460381.55792 18.909 0.057
2460381.57354 18.910 0.053
2460381.58648 18.938 0.055
2460381.59918 18.819 0.053
2460381.61211 18.848 0.048
2460381.62471 18.905 0.047
2460381.63761 18.916 0.056
2460381.65035 18.890 0.057
2460382.50775 18.976 0.067
2460382.52051 18.986 0.060
2460382.53344 18.973 0.058
2460382.54609 18.998 0.054
2460382.55907 19.020 0.059
2460382.57174 19.022 0.071
2460382.59806 19.001 0.055
2460382.61077 19.012 0.056
2460382.62364 19.057 0.056
2460382.63632 19.114 0.059
2460382.64932 19.038 0.059
2460382.66206 19.035 0.062
2460383.50539 19.060 0.083
2460383.53341 19.035 0.070
2460383.55489 19.034 0.075
2460383.56757 18.965 0.064
2460383.58039 19.008 0.077
2460383.59307 18.798 0.060
2460383.60594 18.906 0.063
2460383.61848 18.907 0.062
2460383.64173 18.936 0.064
2460383.65433 19.005 0.074
2460384.50219 18.946 0.056
2460384.51526 18.941 0.052
2460384.52945 18.890 0.051
2460384.54198 18.864 0.053
2460384.56541 18.870 0.059
2460384.57801 18.898 0.052
2460384.59095 18.889 0.054
2460384.60353 18.982 0.059
2460384.61633 18.926 0.052
2460384.62897 18.933 0.054
2460384.64180 18.889 0.053
2460384.65440 18.901 0.056
2460385.50245 18.950 0.069
2460385.51502 18.996 0.073
2460385.52835 18.837 0.054
2460385.54098 18.965 0.057
2460385.55385 18.877 0.049
2460385.56700 18.890 0.048
2460385.57981 18.944 0.049
2460385.59252 18.912 0.048
2460385.60550 18.942 0.051
2460385.61811 18.873 0.043
2460385.63146 18.964 0.055
2460385.64405 18.894 0.050
2460386.51761 19.008 0.061
2460386.53109 18.988 0.062
2460386.54410 18.987 0.061
2460386.55758 19.061 0.067
2460386.57108 19.101 0.065
2460386.58363 18.997 0.057
2460386.59948 19.085 0.061
2460386.61205 19.052 0.057
2460386.62635 19.111 0.061
2460386.63892 19.089 0.060
2460387.51310 18.945 0.063
2460387.52568 18.984 0.064
2460387.54113 19.007 0.068
2460387.55455 18.894 0.058
2460387.56742 18.943 0.063
2460387.58073 18.933 0.063
2460387.59441 19.018 0.062
2460387.60763 18.955 0.063
2460387.62099 18.922 0.056
2460387.63357 18.839 0.056
2460388.50323 18.889 0.072
2460388.51714 18.920 0.079
2460388.53030 18.823 0.065
2460388.54348 18.949 0.065
2460388.55655 18.799 0.056
2460388.56977 18.884 0.058
2460388.58294 18.813 0.051
2460388.59558 18.962 0.062
2460388.60848 18.907 0.060
2460388.62114 18.864 0.064
2460389.50408 18.868 0.080
2460389.51662 19.012 0.081
2460389.52971 18.928 0.075
2460389.54237 18.908 0.063
2460389.55547 18.901 0.057
2460389.56817 18.920 0.061
2460389.58179 18.840 0.053
2460389.59450 18.924 0.056
2460389.60785 18.998 0.072
2460390.52159 18.957 0.078
2460390.53417 19.006 0.071
2460390.54726 19.046 0.082
2460390.55981 19.088 0.079
2460390.57284 19.091 0.087
2460390.58541 19.148 0.083
2460390.59823 19.042 0.074
2460390.61077 19.044 0.075
2460391.50295 18.968 0.084
2460391.51629 19.031 0.079
2460391.52925 18.938 0.071
2460391.54183 18.893 0.068
2460391.55454 18.971 0.069
2460391.56707 18.923 0.070
2460391.58028 18.979 0.063
2460391.59419 18.975 0.062
2460392.49997 18.970 0.073
2460392.51425 18.940 0.070
2460392.52709 18.846 0.070
2460392.54184 18.890 0.064
2460392.55498 18.840 0.060
2460392.56753 18.846 0.061
2460392.58031 18.826 0.067
2460392.59289 18.988 0.114
2460392.60636 18.895 0.085
2460392.61937 18.806 0.070
2460393.50259 18.974 0.091
2460394.49573 19.158 0.088
2460394.50836 19.128 0.093
2460394.52141 19.058 0.090
2460394.53443 19.130 0.103
2460394.54718 19.193 0.114
2460394.55976 19.024 0.109
2460394.57263 18.972 0.114
2460394.58521 19.211 0.140
2460394.59879 19.201 0.168
2460395.50406 18.882 0.072
2460395.51667 19.006 0.075
2460395.53014 19.007 0.080
2460395.54270 19.009 0.074
2460395.55579 18.947 0.070
2460395.56985 18.961 0.074
2460395.59267 18.954 0.065
2460395.60622 18.780 0.053
2460396.49167 18.848 0.058
2460396.50525 18.850 0.055
2460396.53236 18.892 0.065
2460396.54490 18.848 0.062
2460396.55774 18.844 0.065
2460396.57039 18.844 0.079
2460396.58313 18.899 0.061
2460396.59578 18.954 0.072
2460397.49639 18.859 0.059
2460397.51242 18.853 0.057
2460397.52585 19.061 0.091
2460397.53847 19.067 0.087
2460397.55143 18.947 0.069
2460397.56405 19.070 0.076
2460397.57719 18.961 0.073
2460397.58981 18.962 0.069
2460398.50209 19.062 0.109
2460398.51471 19.148 0.123
2460398.53828 18.917 0.076
2460398.55102 18.950 0.079
2460398.56463 18.964 0.074
2460398.57728 19.042 0.085
2460398.59009 18.964 0.069
2460398.60266 18.897 0.062
2460399.49070 19.044 0.087
2460399.50332 18.896 0.067
2460399.51629 18.935 0.060
2460399.52901 18.884 0.060
2460399.54205 18.842 0.059
2460399.55479 18.943 0.075
2460399.56778 18.989 0.071
2460399.58037 18.958 0.063
2460400.49378 18.897 0.057
2460400.50640 18.924 0.060
2460400.54464 18.918 0.063
2460400.55721 18.937 0.061
2460400.57013 18.876 0.050
2460400.58273 18.888 0.051
2460400.59545 18.962 0.056
2460400.60830 18.983 0.068
2460401.49064 18.918 0.061
2460401.50769 19.015 0.068
2460401.52043 18.970 0.065
2460401.53303 18.939 0.054
2460401.54645 19.002 0.054
2460401.55903 18.942 0.057
2460401.57181 19.075 0.062
2460401.58440 19.033 0.060
2460401.59784 19.071 0.055
2460401.61042 19.083 0.055
2460402.49194 19.001 0.069
2460402.50451 19.016 0.060
2460402.51756 18.999 0.064
2460402.53020 18.932 0.055
2460402.54316 19.037 0.061
2460402.55578 18.940 0.049
2460402.56894 18.938 0.053
2460402.58161 18.979 0.056
2460403.48874 18.868 0.078
2460403.50137 18.869 0.063
2460403.51491 18.972 0.065
2460403.52849 18.972 0.067
2460403.54153 18.958 0.060
2460403.55417 18.883 0.053
2460403.56719 18.881 0.054
2460403.57978 18.899 0.054
2460403.59294 18.876 0.054
2460403.60554 18.876 0.051
2460404.49387 18.890 0.060
2460404.50651 18.874 0.060
2460404.51954 18.948 0.061
2460404.53213 18.906 0.054
2460404.54485 18.915 0.055
2460404.55750 18.923 0.054
2460404.57026 18.910 0.052
2460404.58285 18.944 0.055
2460405.49240 18.976 0.062
2460405.50500 18.898 0.067
2460405.51806 19.072 0.077
2460405.53068 19.096 0.077
2460405.54341 19.092 0.077
2460405.55598 19.028 0.083
2460405.56886 19.118 0.091
2460406.49367 18.915 0.073
2460406.50726 18.965 0.073
2460406.52047 18.931 0.074
2460406.53314 18.996 0.078
2460406.54612 18.893 0.068
2460406.55874 18.895 0.080
2460407.49288 18.948 0.063
2460407.50547 18.870 0.063
2460407.53815 18.968 0.068
2460407.55073 18.903 0.064
2460407.56597 18.870 0.060
2460407.57859 18.813 0.063
2460407.59234 18.973 0.071
2460407.60497 18.895 0.063
2460408.50355 18.969 0.060
2460408.51620 18.914 0.059
2460408.52909 18.962 0.057
2460408.54179 18.914 0.055
2460408.55515 18.971 0.063
2460408.56776 19.039 0.069
2460408.58052 18.925 0.063
2460408.59312 18.972 0.069
2460409.48685 18.923 0.068
2460409.49945 18.991 0.073
2460409.53386 19.159 0.091
2460409.54641 19.066 0.078
2460409.55931 19.074 0.069
2460409.57181 19.015 0.065
2460409.58494 19.123 0.067
2460409.59750 19.104 0.062
2460410.48790 18.910 0.073
2460410.50048 19.037 0.078
2460410.51327 18.951 0.064
2460410.52583 18.880 0.059
2460410.53896 18.866 0.062
2460410.55156 18.881 0.078
2460410.56431 18.953 0.089
2460410.57686 18.943 0.100
2460410.58971 18.864 0.088
2460410.60225 18.977 0.103
2460411.51496 18.921 0.079
2460411.52753 18.996 0.081
2460411.54035 18.900 0.079
2460411.55292 18.948 0.080
2460411.56608 18.918 0.081
2460411.57871 18.943 0.082
2460417.48148 19.107 0.085
2460417.49406 19.081 0.079
2460417.51690 19.115 0.078
2460417.52949 19.131 0.085
2460417.54245 19.015 0.085
2460417.55506 18.865 0.069
2460417.56820 19.114 0.089
2460417.58080 19.053 0.098
2460418.49856 18.984 0.064
2460418.51111 18.960 0.073
2460418.52414 18.934 0.072
2460418.53672 18.896 0.062
2460418.54953 18.859 0.059
2460418.56213 18.854 0.062
2460418.57527 18.946 0.059
2460418.58815 18.793 0.052
2460419.47888 18.893 0.062
2460419.49145 18.904 0.065
2460419.50460 18.907 0.077
2460419.51721 18.883 0.062
2460419.53011 18.893 0.059
2460419.54291 18.879 0.064
2460419.55608 18.978 0.073
2460419.56862 18.973 0.070
2460420.47728 19.018 0.069
2460420.48987 19.014 0.063
2460420.50292 18.905 0.059
2460420.51656 18.939 0.060
2460420.53043 19.020 0.067
2460420.54304 19.026 0.063
2460420.55639 18.947 0.060
2460420.56906 19.142 0.072
2460423.47717 18.914 0.095
2460423.48980 18.936 0.091
2460423.50261 18.976 0.095
2460423.51518 18.899 0.095
2460423.52854 18.869 0.094
2460424.47997 19.055 0.139
2460424.49266 19.105 0.127
2460424.50586 19.052 0.122
2460424.51855 19.107 0.146
2460424.54417 19.010 0.146
2460425.47839 18.936 0.078
2460425.49100 19.006 0.082
2460425.50423 19.027 0.088
2460425.51722 18.967 0.085
2460425.53046 18.983 0.081
2460425.54310 18.905 0.080
2460425.55608 18.864 0.090
2460425.56867 18.911 0.092
2460427.47878 18.878 0.061
2460427.49390 18.851 0.056
2460427.50701 18.830 0.061
2460432.48673 19.188 0.101
2460435.49816 18.975 0.074
2460436.50405 19.204 0.101
2460442.48803 19.013 0.100
